,08Rk,Player,Age,Tm,Pos,GP,G,A,PTS,+/-,PIM,PS,EV,PP,SH,GW,EV.1,PP.1,SH.1,S,TOI,ATOI,BLK,HIT,FOW,FOL
0,1,Justin Abdelkader\abdelju01,20,DET,LW,2,0,0,0,0,2,0.0,0,0,0,0,0,0,0,6,24,12:13,0.0,5,5.0,7.0
1,2,Craig Adams\adamscr01,30,TOT,RW,75,4,7,11,-16,58,-0.6,3,0,1,1,7,0,0,63,810,10:48,43.0,117,19.0,22.0
4,3,Kevyn Adams\adamske01,33,CHI,C,27,0,2,2,-7,13,-0.6,0,0,0,0,0,0,2,32,295,10:56,11.0,13,103.0,104.0
5,4,Maxim Afinogenov\afinoma01,28,BUF,RW,56,10,18,28,-16,42,1.6,9,1,0,1,13,5,0,114,899,16:03,6.0,25,1.0,4.0
6,5,Andrew Alberts\alberan01,26,BOS,D,35,0,2,2,4,39,1.2,0,0,0,0,2,0,0,25,722,20:37,52.0,53,1.0,1.0
7,6,Daniel Alfredsson\alfreda01,35,OTT,RW,70,40,49,89,15,34,11.5,24,9,7,5,31,16,2,217,1560,22:17,30.0,55,21.0,18.0
8,7,Bobby Allen\allenbo01,29,BOS,D,19,0,0,0,-2,2,0.0,0,0,0,0,0,0,0,10,188,9:53,6.0,15,0.0,0.0
9,8,Bryan Allen\allenbr01,27,FLA,D,73,2,14,16,5,67,3.9,2,0,0,0,11,2,1,67,1554,21:17,119.0,112,0.0,0.0
10,9,Nik Antropov\antroni01,27,TOR,C,72,26,30,56,10,92,6.5,14,12,0,5,25,4,1,165,1448,20:07,51.0,102,114.0,157.0
11,10,Colby Armstrong\armstco01,25,TOT,RW,72,13,22,35,4,56,3.2,12,1,0,3,20,1,1,113,1157,16:04,31.0,85,3.0,12.0
14,11,Derek Armstrong\armstde01,34,LAK,C,77,8,27,35,4,63,3.0,7,1,0,2,20,7,0,118,1023,13:17,29.0,106,379.0,370.0
15,12,Tyler Arnason\arnasty01,28,COL,C,70,10,21,31,-1,16,2.4,7,3,0,1,14,7,0,179,1068,15:16,17.0,6,375.0,417.0
16,13,Jason Arnott\arnotja01,33,NSH,C,79,28,44,72,19,54,8.8,15,13,0,3,35,9,0,248,1500,18:59,23.0,42,614.0,646.0
17,14,Arron Asham\ashamar01,29,NJD,RW,77,6,4,10,-6,84,0.5,6,0,0,2,3,1,0,68,659,8:33,5.0,87,0.0,3.0
18,15,Adrian Aucoin\aucoiad01,34,CGY,D,76,10,25,35,13,37,7.3,5,5,0,1,10,15,0,121,1593,20:58,55.0,69,0.0,0.0
19,16,Keith Aucoin\aucoike01,29,CAR,RW,38,5,8,13,3,10,1.1,5,0,0,0,7,1,0,65,511,13:28,8.0,34,124.0,203.0
20,17,Sean Avery\averyse01,27,NYR,LW,57,15,18,33,6,154,4.0,13,2,0,4,15,2,1,125,903,15:50,11.0,119,11.0,17.0
21,18,P.J. Axelsson\axelspj01,32,BOS,LW,75,13,16,29,11,15,2.7,11,0,2,2,14,0,2,100,1320,17:36,37.0,44,17.0,27.0
22,19,David Backes\backeda01,23,STL,RW,72,13,18,31,-11,99,2.6,10,3,0,2,14,4,0,129,1057,14:41,13.0,240,30.0,37.0
23,20,Christian Backman\backmch01,27,TOT,D,63,3,15,18,-2,50,3.6,2,1,0,0,11,4,0,51,1210,19:13,51.0,34,0.0,0.0
26,21,Nicklas Backstrom\backsni02,20,WSH,C,82,14,55,69,13,24,6.8,11,3,0,4,33,22,0,153,1557,19:00,34.0,34,405.0,469.0
27,22,Keith Ballard\ballake01,25,PHX,D,82,6,15,21,7,85,5.5,3,2,1,1,13,2,0,105,1744,21:16,162.0,169,0.0,0.0
28,23,Ivan Baranka\baraniv01,22,NYR,D,1,0,1,1,1,0,0.2,0,0,0,0,1,0,0,1,13,12:44,1.0,1,0.0,0.0
29,24,Krys Barch\barchkr01,27,DAL,RW,48,1,2,3,-3,105,-0.2,1,0,0,0,2,0,0,23,312,6:30,6.0,72,0.0,2.0
30,25,Cam Barker\barkeca01,21,CHI,D,45,6,12,18,-3,52,2.9,4,2,0,0,10,2,0,42,774,17:12,33.0,46,0.0,0.0
31,26,Stu Barnes\barnest01,37,DAL,C,79,12,11,23,-3,26,1.9,10,0,2,4,7,0,4,71,1076,13:38,25.0,14,343.0,284.0
32,27,Cody Bass\bassco01,21,OTT,C,21,2,2,4,-1,19,0.4,1,0,1,1,1,0,1,12,112,5:19,7.0,19,31.0,41.0
33,28,Shawn Bates\batessh01,32,NYI,C,2,0,0,0,-2,0,-0.1,0,0,0,0,0,0,0,0,14,7:00,1.0,2,1.0,3.0
34,29,Bates Battaglia\battaba01,32,TOR,LW,13,0,0,0,-6,7,-0.4,0,0,0,0,0,0,0,6,62,4:46,0.0,1,0.0,1.0
35,30,Ryan Bayda\baydary01,27,CAR,LW,31,3,3,6,-2,28,0.1,3,0,0,0,3,0,0,58,391,12:36,2.0,38,0.0,2.0
36,31,Francois Beauchemin\beaucfr01,27,ANA,D,82,2,19,21,-9,59,4.5,2,0,0,2,11,7,1,144,2093,25:32:00,71.0,97,0.0,1.0
37,32,Kris Beech\beechkr01,26,TOT,C,25,6,5,11,3,4,1.5,4,2,0,0,4,1,0,36,288,11:30,3.0,33,144.0,132.0
41,33,Steve Begin\beginst01,29,MTL,LW,44,3,5,8,0,48,0.2,3,0,0,0,5,0,0,67,512,11:38,27.0,119,24.0,45.0
42,34,Wade Belak\belakwa01,31,TOT,RW,47,1,0,1,-2,78,-0.2,1,0,0,0,0,0,0,17,192,4:05,5.0,41,0.0,1.0
45,35,Eric Belanger\belaner01,30,MIN,C,75,13,24,37,-6,30,2.9,5,7,1,3,17,7,0,115,1291,17:13,46.0,51,587.0,608.0
46,36,Brendan Bell\bellbr02,24,PHX,D,2,0,0,0,-2,0,-0.1,0,0,0,0,0,0,0,0,30,14:49,2.0,0,0.0,0.0
47,37,Mark Bell\bellma01,27,TOR,LW,35,4,6,10,-2,60,0.8,4,0,0,0,6,0,0,42,341,9:45,9.0,28,74.0,105.0
48,38,Bryan Berard\berarbr01,30,NYI,D,54,5,17,22,-17,48,2.7,1,4,0,2,6,11,0,87,953,17:38,59.0,37,0.0,0.0
49,39,Sean Bergenheim\bergese01,23,NYI,LW,78,10,12,22,-3,62,2.0,9,1,0,1,11,1,0,155,878,11:15,20.0,138,9.0,6.0
50,40,Marc-Andre Bergeron\bergema02,27,TOT,D,55,9,10,19,-16,20,2.9,1,8,0,1,3,7,0,108,957,17:24,46.0,27,0.0,0.0
53,41,Patrice Bergeron\bergepa01,22,BOS,C,10,3,4,7,2,2,0.8,1,2,0,0,3,1,0,24,182,18:10,5.0,6,88.0,87.0
54,42,Niclas Bergfors\bergfni01,20,NJD,RW,1,0,0,0,-1,0,-0.1,0,0,0,0,0,0,0,3,11,11:17,1.0,0,0.0,1.0
55,43,Steve Bernier\bernist01,22,TOT,RW,76,16,16,32,-1,64,3.6,12,4,0,0,11,5,0,131,1014,13:20,34.0,156,6.0,9.0
58,44,Adam Berti\bertiad01,21,CHI,LW,2,0,0,0,0,0,0.0,0,0,0,0,0,0,0,1,20,10:07,1.0,1,0.0,0.0
59,45,Todd Bertuzzi\bertuto01,32,ANA,LW,68,14,26,40,8,97,4.4,10,4,0,2,21,5,0,121,1119,16:27,21.0,66,50.0,60.0
60,46,Blair Betts\bettsbl01,27,NYR,C,75,2,5,7,-4,20,-0.6,2,0,0,0,4,1,0,85,889,11:52,49.0,91,388.0,383.0
61,47,Bryan Bickell\bickebr01,21,CHI,LW,4,0,0,0,-1,2,-0.1,0,0,0,0,0,0,0,3,37,9:08,1.0,7,0.0,0.0
62,48,Kevin Bieksa\biekske01,26,VAN,D,34,2,10,12,-11,90,1.6,1,1,0,1,5,5,0,64,795,23:24,33.0,52,0.0,0.0
63,49,Jason Blake\blakeja01,34,TOR,LW,82,15,37,52,-4,28,4.2,13,2,0,0,27,10,0,332,1461,17:49,14.0,55,14.0,14.0
64,50,Rob Blake*\blakero01,38,LAK,D,71,9,22,31,-19,98,4.3,4,5,0,2,12,10,0,144,1614,22:44,143.0,93,4.0,4.0
65,51,Mike Blunden\blundmi01,21,CHI,RW,1,0,0,0,-1,0,-0.1,0,0,0,0,0,0,0,1,8,7:51,1.0,0,0.0,0.0
66,52,Brandon Bochenski\bochebr01,25,TOT,RW,40,3,10,13,6,12,1.2,2,1,0,0,9,1,0,56,478,11:57,5.0,13,2.0,5.0
70,53,Jared Boll\bollja01,21,CBJ,RW,75,5,5,10,-4,226,0.6,5,0,0,3,5,0,0,63,601,8:01,13.0,135,2.0,4.0
71,54,Dave Bolland\bollada01,21,CHI,C,39,4,13,17,6,28,1.5,4,0,0,0,12,1,0,49,535,13:43,21.0,55,179.0,206.0
72,55,Radek Bonk\bonkra01,32,NSH,C,79,14,15,29,-31,40,1.0,8,6,0,1,10,5,0,138,1258,15:56,25.0,39,457.0,422.0
73,56,Derek Boogaard\boogade01,25,MIN,LW,34,0,0,0,-5,74,-0.4,0,0,0,0,0,0,0,6,134,3:56,3.0,32,0.0,0.0
74,57,David Booth\boothda01,23,FLA,LW,73,22,18,40,13,26,5.3,21,1,0,6,17,1,0,228,1181,16:10,29.0,113,13.0,25.0
75,58,Darryl Bootland\bootlda01,26,NYI,RW,4,0,1,1,0,2,0.1,0,0,0,0,1,0,0,3,19,4:42,0.0,1,0.0,0.0
76,59,Casey Borer\borerca01,22,CAR,D,11,1,2,3,-3,4,0.3,1,0,0,0,1,1,0,5,168,15:17,12.0,17,0.0,0.0
77,60,Pierre-Marc Bouchard\bouchpi02,23,MIN,RW,81,13,50,63,11,34,6.3,7,6,0,4,31,19,0,129,1364,16:51,15.0,10,4.0,6.0
78,61,Philippe Boucher\bouchph01,34,DAL,D,38,2,12,14,3,26,2.9,1,0,1,0,8,3,1,72,817,21:31,67.0,65,0.0,0.0
79,62,Francis Bouillon\bouilfr01,32,MTL,D,74,2,6,8,9,61,2.9,2,0,0,0,6,0,0,60,1285,17:22,116.0,168,0.0,0.0
80,63,Jesse Boulerice\bouleje01,29,PHI,RW,5,0,0,0,-2,29,-0.1,0,0,0,0,0,0,0,1,19,3:52,0.0,4,0.0,0.0
81,64,Eric Boulton\boulter01,31,ATL,LW,74,4,5,9,-10,127,0.0,4,0,0,0,5,0,0,64,551,7:27,18.0,55,1.0,3.0
82,65,Luc Bourdon\bourdlu01,20,VAN,D,27,2,0,2,7,20,1.4,1,1,0,0,0,0,0,26,348,12:52,30.0,18,0.0,0.0
83,66,Chris Bourque\bourqch01,22,WSH,LW,4,0,0,0,0,2,-0.1,0,0,0,0,0,0,0,4,35,8:42,1.0,4,0.0,1.0
84,67,Rene Bourque\bourqre01,26,CHI,LW,62,10,14,24,6,42,2.2,5,0,5,2,11,1,2,103,947,15:16,22.0,72,2.0,6.0
85,68,Jay Bouwmeester\bouwmja01,24,FLA,D,82,15,22,37,-5,72,7.5,11,4,0,0,12,10,0,182,2252,27:28:00,118.0,105,0.0,0.0
86,69,Darryl Boyce\boyceda01,23,TOR,C,1,0,0,0,0,0,0.0,0,0,0,0,0,0,0,0,3,3:20,0.0,1,2.0,0.0
87,70,Johnny Boychuk\boychjo01,24,COL,D,4,0,0,0,1,0,0.1,0,0,0,0,0,0,0,3,36,8:57,1.0,9,0.0,1.0
88,71,Dustin Boyd\boyddu01,21,CGY,C,48,7,5,12,-11,6,0.8,7,0,0,1,5,0,0,46,471,9:49,14.0,39,65.0,64.0
89,72,Brad Boyes\boyesbr01,25,STL,RW,82,43,22,65,1,20,9.3,32,11,0,9,14,8,0,207,1471,17:57,20.0,55,105.0,131.0
90,73,Brian Boyle\boylebr01,23,LAK,C,8,4,1,5,4,4,1.0,4,0,0,0,1,0,0,19,109,13:38,2.0,10,37.0,43.0
91,74,Dan Boyle\boyleda01,31,TBL,D,37,4,21,25,-29,57,1.9,2,2,0,1,9,12,0,74,1014,27:24:00,68.0,49,0.0,0.0
92,75,Nick Boynton\boyntni01,29,PHX,D,79,3,9,12,-9,125,2.4,2,0,1,0,9,0,0,94,1344,17:01,93.0,93,0.0,0.0
93,76,Matt Bradley\bradlma01,29,WSH,RW,77,7,11,18,1,74,1.4,5,1,1,2,11,0,0,111,770,10:00,17.0,126,14.0,18.0
94,77,Donald Brashear\brashdo01,36,WSH,LW,80,5,3,8,-7,119,0.0,5,0,0,0,3,0,0,59,629,7:52,12.0,133,0.0,1.0
95,78,Derick Brassard\brassde01,20,CBJ,C,17,1,1,2,-4,6,-0.1,1,0,0,0,1,0,0,13,154,9:03,0.0,11,34.0,46.0
96,79,Kip Brennan\brennki01,27,NYI,LW,3,0,0,0,0,12,0.0,0,0,0,0,0,0,0,0,13,4:21,1.0,9,0.0,0.0
97,80,Tim Brent\brentti01,23,PIT,C,1,0,0,0,-1,0,-0.1,0,0,0,0,0,0,0,0,5,4:34,0.0,0,3.0,2.0
98,81,Eric Brewer\breweer01,28,STL,D,77,1,21,22,-18,91,3.2,1,0,0,0,11,10,0,101,1896,24:38:00,123.0,92,0.0,0.0
99,82,Daniel Briere\brierda01,30,PHI,C,79,31,41,72,-22,68,7.9,17,14,0,3,17,23,1,182,1490,18:52,17.0,29,631.0,619.0
100,83,Rod Brind'Amour\brindro01,37,CAR,C,59,19,32,51,0,38,4.9,13,6,0,4,20,12,0,151,1325,22:27,38.0,55,851.0,609.0
101,84,David Brine\brineda01,23,FLA,C,9,0,1,1,-1,4,0.0,0,0,0,0,1,0,0,3,54,6:02,4.0,3,17.0,27.0
102,85,Patrice Brisebois\brisepa01,37,MTL,D,43,3,8,11,-2,26,2.0,1,2,0,0,3,5,0,42,724,16:50,40.0,29,0.0,0.0
103,86,Kyle Brodziak\brodzky01,23,EDM,C,80,14,17,31,-6,33,2.9,13,0,1,3,15,0,2,125,1033,12:55,38.0,40,153.0,144.0
104,87,Sheldon Brookbank\brooksh01,27,NJD,D,44,0,8,8,0,63,1.8,0,0,0,0,7,1,0,43,666,15:08,41.0,28,0.0,0.0
105,88,Wade Brookbank\brookwa01,30,CAR,LW,32,1,1,2,4,76,0.3,1,0,0,0,1,0,0,12,122,3:48,10.0,19,1.0,3.0
106,89,Troy Brouwer\brouwtr01,22,CHI,RW,2,0,1,1,1,0,0.1,0,0,0,0,1,0,0,0,24,11:56,0.0,3,0.0,0.0
107,90,Curtis Brown\browncu01,31,SJS,C,33,5,4,9,4,10,1.2,5,0,0,0,4,0,0,38,357,10:49,20.0,30,106.0,73.0
108,91,Dustin Brown\browndu01,23,LAK,RW,78,33,27,60,-13,55,6.8,19,12,2,4,15,10,2,219,1583,20:18,23.0,311,20.0,20.0
109,92,Mike Brown\brownmi02,22,VAN,RW,19,1,0,1,-2,55,-0.1,1,0,0,0,0,0,0,9,120,6:19,1.0,44,0.0,0.0
110,93,Gilbert Brule\brulegi01,21,CBJ,C,61,1,8,9,-4,24,0.0,1,0,0,1,7,1,0,74,604,9:54,11.0,73,40.0,38.0
111,94,Andrew Brunette\brunean01,34,COL,LW,82,19,40,59,5,14,6.2,12,7,0,2,31,9,0,125,1275,15:33,21.0,14,3.0,5.0
112,95,Sergei Brylin\brylise01,34,NJD,C,82,6,10,16,-5,20,0.5,6,0,0,1,8,1,1,65,1111,13:33,26.0,58,88.0,104.0
113,96,Adam Burish\burisad01,25,CHI,RW,81,4,4,8,-13,214,-1.0,3,0,1,1,4,0,0,69,952,11:45,66.0,89,111.0,153.0
114,97,Brent Burns\burnsbr01,22,MIN,D,82,15,28,43,12,80,9.6,7,8,0,4,16,11,1,158,1894,23:06,73.0,99,1.0,0.0
115,98,Alexandre Burrows\burroal01,26,VAN,LW,82,12,19,31,11,179,3.1,8,1,3,3,18,0,1,126,1238,15:06,45.0,80,13.0,24.0
116,99,Dane Byers\byersda01,21,NYR,LW,1,0,0,0,-1,0,0.0,0,0,0,0,0,0,0,0,5,5:05,0.0,3,0.0,0.0
117,100,Dustin Byfuglien\byfugdu01,22,CHI,D,67,19,17,36,-7,59,6.2,12,7,0,4,7,10,0,163,1141,17:02,30.0,137,0.0,1.0
118,101,Kyle Calder\caldeky01,29,LAK,LW,65,7,13,20,-11,18,1.0,4,3,0,0,10,3,0,70,845,13:00,13.0,26,7.0,11.0
119,102,Ryan Caldwell\caldwry01,26,PHX,D,2,0,0,0,0,2,0.0,0,0,0,0,0,0,0,1,12,6:08,2.0,1,0.0,0.0
120,103,Ryan Callahan\callary01,22,NYR,RW,52,8,5,13,7,31,1.5,7,0,1,1,5,0,0,92,643,12:22,25.0,139,1.0,4.0
121,104,Mike Cammalleri\cammami01,25,LAK,LW,63,19,28,47,-16,30,4.5,9,10,0,1,19,9,0,210,1170,18:35,14.0,31,206.0,173.0
122,105,Brian Campbell\campbbr02,28,TOT,D,83,8,54,62,8,20,10.0,3,5,0,0,26,28,0,142,2084,25:06:00,96.0,61,0.0,0.0
125,106,Gregory Campbell\campbgr01,24,FLA,C,81,5,13,18,-12,72,0.2,3,0,2,1,12,0,1,113,1008,12:27,35.0,156,235.0,225.0
126,107,Chris Campoli\campoch01,23,NYI,D,46,4,14,18,-1,16,3.4,1,2,1,0,5,9,0,68,881,19:09,47.0,51,0.0,0.0
127,108,Daniel Carcillo\carcida01,23,PHX,LW,57,13,11,24,1,324,2.9,10,3,0,1,6,5,0,106,725,12:43,10.0,109,4.0,1.0
128,109,Matt Carle\carlema01,23,SJS,D,62,2,13,15,-8,26,3.0,0,2,0,1,7,6,0,63,1026,16:33,62.0,29,1.0,0.0
129,110,Keith Carney\carneke01,37,MIN,D,61,1,10,11,8,42,3.0,1,0,0,0,10,0,0,27,816,13:22,37.0,39,0.0,0.0
130,111,Jeff Carter\carteje01,23,PHI,C,82,29,24,53,6,55,6.6,20,7,2,5,12,11,1,260,1545,18:51,53.0,52,657.0,721.0
131,112,Ryan Carter\cartery01,24,ANA,C,34,4,4,8,-2,36,0.6,4,0,0,1,4,0,0,56,356,10:29,7.0,40,184.0,115.0
132,113,Tom Cavanagh\cavanto01,25,SJS,C,1,0,1,1,1,0,0.1,0,0,0,0,1,0,0,0,14,13:54,1.0,0,1.0,2.0
133,114,Zdeno Chara\charazd01,30,BOS,D,77,17,34,51,14,114,10.5,7,9,1,0,17,16,1,207,2067,26:50:00,78.0,222,0.0,0.0
134,115,Jonathan Cheechoo\cheecjo01,27,SJS,RW,69,23,14,37,11,46,5.4,13,10,0,4,9,5,0,220,1145,16:36,26.0,123,4.0,16.0
135,116,Chris Chelios*\chelich01,46,DET,D,69,3,9,12,11,36,3.9,3,0,0,1,9,0,0,60,1170,16:58,46.0,56,0.0,0.0
136,117,Jason Chimera\chimeja01,28,CBJ,LW,81,14,17,31,-5,98,2.6,12,1,1,3,13,4,0,198,1417,17:30,15.0,73,16.0,19.0
137,118,Kyle Chipchura\chipcky01,21,MTL,C,36,4,7,11,-1,10,0.8,4,0,0,0,6,0,1,36,409,11:22,18.0,21,139.0,178.0
138,119,Erik Christensen\chriser01,24,TOT,C,59,11,13,24,-10,30,1.9,9,2,0,0,7,6,0,132,788,13:21,2.0,35,277.0,197.0
141,120,Brett Clark\clarkbr01,31,COL,D,57,5,16,21,5,33,4.4,4,1,0,0,11,5,0,87,1320,23:09,143.0,70,0.0,0.0
142,121,Chris Clark\clarkch01,31,WSH,RW,18,5,4,9,0,43,1.0,4,1,0,1,2,2,0,29,304,16:54,7.0,24,6.0,7.0
143,122,Noah Clarke\clarkno02,28,NJD,LW,1,1,0,1,0,0,0.2,1,0,0,0,0,0,0,3,11,10:39,1.0,0,0.0,0.0
144,123,David Clarkson\clarkda03,23,NJD,RW,81,9,13,22,1,183,1.9,9,0,0,1,11,2,0,151,975,12:02,12.0,150,6.0,9.0
145,124,Dan Cleary\clearda01,29,DET,RW,63,20,22,42,21,33,5.7,15,5,0,3,14,7,1,177,1095,17:23,14.0,82,56.0,54.0
146,125,Ryane Clowe\clowery01,25,SJS,LW,15,3,5,8,-1,22,0.9,1,2,0,0,5,0,0,22,214,14:17,5.0,31,5.0,9.0
147,126,Cal Clutterbuck\cluttca01,20,MIN,RW,2,0,0,0,0,0,0.0,0,0,0,0,0,0,0,0,14,7:05,1.0,4,1.0,0.0
148,127,Braydon Coburn\coburbr01,22,PHI,D,78,9,27,36,17,74,7.9,4,5,0,2,16,10,1,113,1656,21:14,79.0,79,0.0,0.0
149,128,Andrew Cogliano\coglian01,20,EDM,C,82,18,27,45,1,20,5.0,15,1,2,5,20,6,1,98,1120,13:40,31.0,25,214.0,328.0
150,129,Carlo Colaiacovo\colaica01,25,TOR,D,28,2,4,6,-4,10,0.9,2,0,0,1,4,0,0,30,488,17:26,37.0,57,0.0,0.0
151,130,Erik Cole\coleer01,29,CAR,RW,73,22,29,51,5,76,5.3,12,10,0,4,22,7,0,216,1413,19:22,24.0,186,9.0,29.0
152,131,Jeremy Colliton\collije01,23,NYI,C,16,0,0,0,-4,8,-0.4,0,0,0,0,0,0,0,16,140,8:46,2.0,12,54.0,50.0
153,132,Blake Comeau\comeabl01,21,NYI,LW,51,8,7,15,1,22,1.6,7,1,0,1,6,1,0,67,595,11:40,6.0,60,8.0,19.0
154,133,Mike Commodore\commomi01,28,TOT,D,67,3,11,14,-7,100,1.8,3,0,0,0,10,0,1,97,1220,18:13,95.0,144,0.0,0.0
157,134,Mike Comrie\comrimi01,27,NYI,C,76,21,28,49,-21,87,4.5,17,4,0,3,11,17,0,194,1458,19:11,23.0,47,562.0,662.0
158,135,Tim Conboy\conboti01,25,CAR,D,19,0,5,5,1,60,0.7,0,0,0,0,5,0,0,16,132,6:58,4.0,25,0.0,0.0
159,136,Chris Conner\connech01,24,DAL,RW,22,3,2,5,0,6,0.4,3,0,0,0,2,0,0,27,264,12:00,7.0,17,1.0,0.0
160,137,Tim Connolly\connoti01,26,BUF,C,48,7,33,40,4,8,3.4,3,3,1,3,20,12,1,111,896,18:41,36.0,18,217.0,237.0
161,138,Craig Conroy\conrocr01,36,CGY,C,79,12,22,34,6,71,2.8,11,1,0,4,19,3,0,116,1355,17:09,55.0,98,726.0,685.0
162,139,Matt Cooke\cookema01,29,TOT,LW,78,10,13,23,1,91,1.9,9,0,1,1,11,2,0,86,1027,13:10,38.0,198,12.0,16.0
165,140,Joe Corvo\corvojo01,30,TOT,D,74,13,35,48,17,26,8.5,7,6,0,3,13,22,0,167,1380,18:39,41.0,31,0.0,0.0
168,141,Riley Cote\coteri01,25,PHI,LW,70,1,3,4,2,202,0.1,1,0,0,0,2,1,0,17,299,4:17,4.0,60,1.0,1.0
169,142,Jeff Cowan\cowanje01,31,VAN,LW,46,0,1,1,-5,110,-0.8,0,0,0,0,1,0,0,35,402,8:45,10.0,67,0.0,1.0
170,143,Ryan Craig\craigry01,26,TBL,C,7,1,1,2,-1,0,0.1,0,1,0,0,1,0,0,8,91,13:04,4.0,8,1.0,0.0
171,144,B.J. Crombeen\crombbj01,22,DAL,RW,8,0,2,2,1,39,0.2,0,0,0,0,2,0,0,9,53,6:38,1.0,7,0.0,1.0
172,145,Sidney Crosby\crosbsi01,20,PIT,C,53,24,48,72,18,39,9.0,18,6,0,4,26,21,1,173,1105,20:51,40.0,50,567.0,536.0
173,146,Matt Cullen\cullema01,31,CAR,C,59,13,36,49,2,32,4.8,5,8,0,1,20,15,1,137,996,16:52,30.0,33,364.0,285.0
174,147,Jassen Cullimore\cullija01,35,FLA,D,65,3,10,13,21,38,4.7,3,0,0,1,10,0,0,55,1175,18:04,68.0,77,1.0,0.0
175,148,Kyle Cumiskey\cumisky01,21,COL,D,38,0,5,5,-3,16,0.7,0,0,0,0,5,0,0,19,461,12:08,25.0,7,0.0,0.0
176,149,Matt D'Agostini\dagosma01,21,MTL,RW,1,0,0,0,0,2,0.0,0,0,0,0,0,0,0,0,9,8:49,0.0,1,0.0,0.0
177,150,Trevor Daley\daleytr01,24,DAL,D,82,5,19,24,-1,85,4.8,5,0,0,1,13,5,1,87,1624,19:48,63.0,32,1.0,0.0
178,151,Kevin Dallman\dallmke01,26,LAK,D,34,3,4,7,4,4,1.8,3,0,0,1,3,1,0,41,438,12:53,26.0,42,0.0,2.0
179,152,Mathieu Dandenault\dandema01,31,MTL,RW,61,9,5,14,-11,34,0.8,8,0,1,0,5,0,0,69,679,11:08,26.0,70,0.0,1.0
180,153,Mathieu Darche\darchma01,31,TBL,LW,73,7,15,22,-14,20,0.8,5,1,1,0,14,1,0,120,1053,14:26,37.0,125,42.0,46.0
181,154,Pavel Datsyuk\datsypa01,29,DET,C,82,31,66,97,41,20,12.6,20,10,1,6,36,30,0,264,1753,21:23,42.0,40,452.0,380.0
182,155,Rob Davison\davisro01,27,TOT,D,34,1,1,2,-6,53,0.5,0,0,1,0,1,0,0,32,471,13:52,39.0,69,0.0,0.0
185,156,Nigel Dawes\dawesni01,22,NYR,LW,61,14,15,29,11,10,3.8,11,3,0,4,14,1,0,121,792,12:59,26.0,86,1.0,1.0
186,157,Greg de Vries\devrigr01,35,NSH,D,77,4,11,15,7,71,4.0,4,0,0,1,11,0,0,66,1452,18:52,94.0,72,0.0,0.0
187,158,Pavol Demitra\demitpa01,33,MIN,LW,68,15,39,54,9,24,5.5,13,2,0,1,27,11,1,126,1340,19:42,48.0,17,403.0,487.0
188,159,Boyd Devereaux\deverbo01,29,TOR,C,62,7,11,18,-6,24,0.8,6,0,1,1,11,0,0,81,866,13:58,20.0,47,2.0,4.0
189,160,Joe DiPenta\dipenjo01,28,ANA,D,23,1,4,5,3,16,1.2,1,0,0,0,4,0,0,5,245,10:39,8.0,10,0.0,0.0
190,161,Shane Doan\doansh01,31,PHX,RW,80,28,50,78,4,59,9.0,17,9,2,5,25,18,7,243,1661,20:46,17.0,158,77.0,110.0
191,162,Kevin Doell\doellke01,28,ATL,C,8,0,1,1,-2,4,-0.1,0,0,0,0,0,1,0,6,77,9:40,5.0,7,25.0,28.0
192,163,Shean Donovan\donovsh01,33,OTT,RW,82,5,7,12,-3,73,0.1,5,0,0,3,7,0,0,91,785,9:35,15.0,68,11.0,18.0
193,164,Jim Dowd\dowdji01,39,PHI,C,73,5,5,10,0,41,0.6,4,0,1,0,4,0,1,41,616,8:26,17.0,32,240.0,206.0
194,165,Jake Dowell\dowelja01,22,CHI,C,19,2,1,3,1,10,0.2,1,0,1,0,1,0,0,19,227,11:56,10.0,24,79.0,91.0
195,166,Aaron Downey\downeaa01,33,DET,RW,56,0,3,3,0,116,-0.1,0,0,0,0,3,0,0,15,257,4:35,6.0,79,0.0,0.0
196,167,Steve Downie\downist01,20,PHI,RW,32,6,6,12,2,73,1.5,5,0,1,1,6,0,0,25,315,9:51,7.0,29,5.0,10.0
197,168,Dallas Drake\drakeda01,38,DET,RW,65,3,3,6,-12,41,-0.7,2,0,1,0,3,0,0,46,696,10:42,25.0,92,29.0,41.0
198,169,Kris Draper\drapekr01,36,DET,C,65,9,8,17,-2,68,1.0,7,0,2,2,8,0,0,97,1016,15:38,25.0,90,553.0,391.0
199,170,Chris Drury\drurych01,31,NYR,C,82,25,33,58,-3,45,6.2,13,12,0,7,14,17,2,220,1623,19:48,76.0,46,745.0,613.0
200,171,Brandon Dubinsky\dubinbr01,21,NYR,C,82,14,26,40,8,79,4.2,13,1,0,0,20,6,0,157,1189,14:30,30.0,196,512.0,483.0
201,172,J.P. Dumont\dumonjp01,29,NSH,RW,80,29,43,72,5,34,8.4,22,7,0,8,34,9,0,192,1480,18:30,11.0,44,3.0,10.0
202,173,Micki DuPont\duponmi01,27,STL,D,2,0,0,0,1,2,0.1,0,0,0,0,0,0,0,3,25,12:34,0.0,2,0.0,0.0
203,174,Pascal Dupuis\dupuipa01,28,TOT,LW,78,12,15,27,0,32,2.1,9,0,3,1,14,0,1,143,1185,15:12,32.0,84,5.0,11.0
206,175,Radek Dvorak\dvorara01,30,FLA,RW,67,8,9,17,-1,16,0.9,7,0,1,1,8,0,1,146,1013,15:07,36.0,50,2.0,10.0
207,176,Ben Eager\eagerbe01,24,TOT,LW,32,0,2,2,-9,89,-0.5,0,0,0,0,2,0,0,16,186,5:48,0.0,32,1.0,4.0
210,177,Robbie Earl\earlro01,22,TOR,LW,9,0,1,1,-2,0,-0.1,0,0,0,0,1,0,0,9,83,9:14,5.0,3,2.0,0.0
211,178,Mark Eaton\eatonma01,30,PIT,D,36,0,3,3,6,4,1.4,0,0,0,0,3,0,0,28,708,19:40,89.0,17,0.0,0.0
212,179,Patrick Eaves\eavespa01,23,TOT,RW,37,5,10,15,-2,10,1.1,3,2,0,1,8,2,0,81,473,12:46,12.0,42,1.0,2.0
215,180,Andrew Ebbett\ebbetan01,25,ANA,C,3,0,0,0,3,2,0.1,0,0,0,0,0,0,0,3,40,13:18,2.0,0,17.0,12.0
216,181,Alexander Edler\edleral01,21,VAN,D,75,8,12,20,6,42,5.5,4,4,0,0,6,6,0,124,1600,21:20,76.0,58,1.0,0.0
217,182,Christian Ehrhoff\ehrhoch01,25,SJS,D,77,1,21,22,9,72,6.2,0,1,0,1,16,4,1,97,1673,21:44,108.0,92,0.0,0.0
218,183,Patrik Elias\eliaspa01,31,NJD,LW,74,20,35,55,10,38,6.5,13,7,0,8,21,12,2,263,1367,18:28,20.0,51,354.0,422.0
219,184,Matt Ellis\ellisma01,26,TOT,LW,54,3,5,8,3,26,0.5,2,0,1,1,5,0,0,66,429,7:57,16.0,28,53.0,61.0
222,185,Steve Eminger\emingst01,24,WSH,D,20,0,2,2,-4,8,0.0,0,0,0,0,2,0,0,14,223,11:08,8.0,17,0.0,0.0
223,186,Toby Enstrom\enstrto01,23,ATL,D,82,5,33,38,-5,42,6.0,1,4,0,0,11,22,0,105,2007,24:28:00,106.0,21,0.0,0.0
224,187,Martin Erat\eratma01,26,NSH,RW,76,23,34,57,-3,40,5.9,19,4,0,6,23,11,0,163,1418,18:39,16.0,49,15.0,26.0
225,188,Jonathan Ericsson\ericsjo01,23,DET,D,8,1,0,1,-3,4,0.1,0,1,0,0,0,0,0,19,128,15:58,3.0,9,0.0,0.0
226,189,Anders Eriksson\eriksan01,33,CGY,D,61,1,17,18,-5,36,2.7,0,1,0,0,13,4,0,50,1268,20:47,70.0,63,0.0,0.0
227,190,Loui Eriksson\erikslo01,22,DAL,LW,69,14,17,31,5,28,3.5,10,4,0,0,15,2,0,120,968,14:02,14.0,24,2.0,11.0
228,191,John Erskine\erskijo01,27,WSH,D,51,2,7,9,1,96,1.8,2,0,0,1,6,0,1,48,801,15:43,60.0,102,0.0,0.0
229,192,Garnet Exelby\exelbga01,26,ATL,D,79,2,5,7,-21,85,0.4,2,0,0,0,5,0,0,37,1492,18:53,135.0,175,0.0,0.0
230,193,Drew Fata\fatadr01,24,NYI,D,5,0,1,1,-1,4,0.1,0,0,0,0,1,0,0,4,88,17:30,3.0,3,0.0,0.0
231,194,Sergei Fedorov*\fedorse01,38,TOT,C,68,11,30,41,-5,38,3.6,5,6,0,2,15,11,4,128,1202,17:40,22.0,41,561.0,449.0
234,195,Todd Fedoruk\fedorto01,28,TOT,LW,69,6,7,13,2,139,0.9,4,2,0,0,7,0,0,57,712,10:19,16.0,76,0.0,4.0
237,196,Ruslan Fedotenko\fedotru01,29,NYI,LW,67,16,17,33,-9,40,3.2,8,8,0,2,14,1,2,121,1119,16:42,35.0,104,11.0,17.0
238,197,Eric Fehr\fehrer01,22,WSH,RW,23,1,5,6,4,6,0.5,1,0,0,0,1,4,0,40,242,10:31,8.0,11,0.0,2.0
239,198,Andrew Ference\ferenan01,28,BOS,D,59,1,14,15,-14,50,1.8,1,0,0,0,9,4,1,71,1312,22:15,65.0,79,1.0,0.0
240,199,Vernon Fiddler\fiddlve01,27,NSH,LW,79,11,21,32,-4,47,2.5,8,2,1,1,18,3,0,97,1101,13:56,23.0,52,193.0,191.0
241,200,Jonathan Filewich\filewjo01,23,PIT,RW,5,0,0,0,-2,0,-0.2,0,0,0,0,0,0,0,3,43,8:42,1.0,2,0.0,0.0
242,201,Valtteri Filppula\filppva01,23,DET,C,78,19,17,36,16,28,4.3,16,3,0,3,12,5,0,122,1323,16:58,26.0,35,314.0,307.0
243,202,Jeff Finger\fingeje01,28,COL,D,72,8,11,19,12,40,5.2,6,1,1,1,10,1,0,93,1437,19:57,117.0,121,1.0,0.0
244,203,Mike Fisher\fishemi01,27,OTT,C,79,23,24,47,-10,82,3.9,15,6,2,4,20,1,3,215,1561,19:46,73.0,234,618.0,610.0
245,204,Mark Fistric\fistrma01,21,DAL,D,37,0,2,2,3,24,1.0,0,0,0,0,2,0,0,17,471,12:44,30.0,79,0.0,0.0
246,205,Zack Fitzgerald\fitzgza01,22,VAN,D,1,0,0,0,0,0,0.0,0,0,0,0,0,0,0,1,13,13:20,0.0,1,0.0,0.0
247,206,Rory Fitzpatrick\fitzpro02,33,PHI,D,19,0,1,1,-12,11,-0.7,0,0,0,0,1,0,0,10,242,12:44,18.0,19,0.0,0.0
248,207,Tomas Fleischmann\fleisto01,23,WSH,RW,75,10,20,30,-7,18,2.4,9,1,0,1,12,8,0,107,947,12:37,11.0,26,15.0,15.0
249,208,Nick Foligno\foligni01,20,OTT,LW,45,6,3,9,0,20,0.8,6,0,0,0,3,0,0,44,412,9:10,11.0,51,22.0,27.0
250,209,Adam Foote\footead01,36,TOT,D,75,1,15,16,2,107,4.3,0,0,1,0,12,2,1,66,1754,23:23,148.0,93,0.0,0.0
253,210,Peter Forsberg*\forsbpe01,34,COL,C,9,1,13,14,7,8,1.6,1,0,0,0,9,4,0,15,173,19:15,0.0,9,4.0,0.0
254,211,Alex Foster\fosteal01,23,TOR,C,3,0,0,0,0,0,0.0,0,0,0,0,0,0,0,1,11,3:32,0.0,1,0.0,1.0
255,212,Kurtis Foster\fosteku01,26,MIN,D,56,7,12,19,0,37,3.9,4,3,0,2,5,7,0,118,919,16:24,39.0,60,2.0,1.0
256,213,Matt Foy\foyma01,24,MIN,RW,28,4,4,8,-1,28,0.9,4,0,0,1,4,0,0,38,219,7:50,0.0,11,2.0,5.0
257,214,Johan Franzen\franzjo01,28,DET,C,72,27,11,38,12,51,5.3,13,14,0,8,8,2,1,199,1276,17:44,24.0,89,189.0,201.0
258,215,Colin Fraser\fraseco01,23,CHI,C,5,0,0,0,-2,7,-0.2,0,0,0,0,0,0,0,4,52,10:19,3.0,4,14.0,24.0
259,216,Dan Fritsche\fritsda01,22,CBJ,C,69,10,12,22,2,22,2.3,8,1,1,4,12,0,0,109,852,12:21,27.0,65,59.0,62.0
260,217,Alex Frolov\froloal01,25,LAK,LW,71,23,44,67,1,22,7.5,18,5,0,7,31,13,0,160,1335,18:48,18.0,22,2.0,9.0
261,218,Michael Funk\funkmi01,21,BUF,D,4,0,0,0,-3,0,-0.2,0,0,0,0,0,0,0,1,46,11:37,3.0,3,0.0,0.0
262,219,Marian Gaborik\gaborma01,25,MIN,RW,77,42,41,83,17,63,11.6,30,11,1,8,28,13,0,278,1509,19:36,18.0,59,6.0,15.0
263,220,Simon Gagne\gagnesi01,27,PHI,LW,25,7,11,18,-8,4,1.6,2,5,0,2,5,5,1,76,454,18:09,5.0,4,1.0,1.0
264,221,Sam Gagner\gagnesa01,18,EDM,C,79,13,36,49,-21,23,3.7,9,4,0,1,24,12,0,135,1239,15:41,31.0,18,125.0,174.0
265,222,Simon Gamache\gamacsi01,27,TOR,LW,11,2,2,4,-1,6,0.4,1,1,0,0,2,0,0,11,106,9:36,1.0,10,0.0,0.0
266,223,Paul Gaustad\gaustpa01,25,BUF,C,82,10,26,36,-4,85,2.0,5,5,0,2,22,3,1,136,1407,17:10,48.0,195,631.0,518.0
267,224,Gabe Gauthier\gauthga01,24,LAK,LW,3,0,0,0,0,0,0.0,0,0,0,0,0,0,0,2,21,7:08,1.0,3,8.0,9.0
268,225,Martin Gelinas\gelinma01,37,NSH,LW,57,9,11,20,5,20,1.9,8,0,1,1,11,0,0,110,805,14:07,12.0,50,11.0,11.0
269,226,Bruno Gervais\gervabr01,23,NYI,D,60,0,13,13,-5,34,2.5,0,0,0,0,9,4,0,59,1200,20:00,72.0,35,0.0,0.0
270,227,Ryan Getzlaf\getzlry01,22,ANA,C,77,24,58,82,32,94,10.5,19,4,1,2,26,32,0,185,1513,19:39,46.0,126,545.0,607.0
271,228,Tom Gilbert\gilbeto01,25,EDM,D,82,13,20,33,-6,20,6.4,10,3,0,1,12,6,2,98,1820,22:12,159.0,27,0.0,0.0
272,229,Hal Gill\gillha01,32,TOT,D,81,3,21,24,6,68,4.6,3,0,0,0,20,0,1,86,1620,20:00,143.0,127,0.0,0.0
275,230,Brian Gionta\giontbr01,29,NJD,RW,82,22,31,53,1,46,5.9,13,8,1,4,18,13,0,257,1498,18:16,14.0,52,30.0,25.0
276,231,Dan Girardi\girarda01,23,NYR,D,82,10,18,28,0,14,6.6,5,5,0,1,11,6,1,147,1738,21:12,123.0,179,0.0,1.0
277,232,Claude Giroux\giroucl01,20,PHI,RW,2,0,0,0,-2,0,-0.1,0,0,0,0,0,0,0,2,19,9:35,1.0,0,0.0,0.0
278,233,Jeff Giuliano\giulije01,28,LAK,LW,53,0,6,6,-9,14,-0.9,0,0,0,0,5,0,1,30,627,11:49,27.0,69,108.0,131.0
279,234,Tanner Glass\glassta01,24,FLA,LW,41,1,1,2,-5,39,-0.2,1,0,0,0,1,0,0,11,181,4:25,5.0,29,0.0,2.0
280,235,Tim Gleason\gleasti01,25,CAR,D,80,3,16,19,5,84,3.6,3,0,0,0,13,1,2,98,1491,18:38,107.0,151,0.0,0.0
281,236,Curtis Glencross\glenccu01,25,TOT,LW,62,15,10,25,8,53,3.6,14,1,0,1,9,1,0,104,705,11:22,12.0,94,13.0,12.0
284,237,Rob Globke\globkro01,25,FLA,C,9,0,0,0,-3,2,-0.3,0,0,0,0,0,0,0,4,70,7:44,2.0,7,0.0,1.0
285,238,Mike Glumac\glumami01,27,STL,RW,4,0,0,0,-1,5,-0.1,0,0,0,0,0,0,0,3,41,10:08,2.0,6,1.0,2.0
286,239,Marcel Goc\gocma01,24,SJS,C,51,5,3,8,-15,12,0.0,5,0,0,0,3,0,0,87,545,10:41,16.0,45,107.0,101.0
287,240,Eric Godard\godarer01,27,CGY,RW,74,1,1,2,-8,171,-0.7,1,0,0,1,1,0,0,14,349,4:43,6.0,36,0.0,1.0
288,241,Alex Goligoski\goligal01,22,PIT,D,3,0,2,2,2,2,0.4,0,0,0,0,2,0,0,2,42,13:56,4.0,1,0.0,0.0
289,242,Scott Gomez\gomezsc01,28,NYR,C,81,16,54,70,3,36,6.8,9,7,0,3,31,22,1,242,1611,19:54,24.0,48,612.0,553.0
290,243,Sergei Gonchar\gonchse01,33,PIT,D,78,12,53,65,13,66,11.1,4,8,0,2,15,38,0,173,2021,25:55:00,126.0,56,0.0,0.0
291,244,Boyd Gordon\gordobo01,24,WSH,C,67,7,9,16,5,12,0.8,6,0,1,0,9,0,0,100,1054,15:44,50.0,19,504.0,400.0
292,245,Josh Gorges\gorgejo01,23,MTL,D,62,0,9,9,0,32,1.8,0,0,0,0,9,0,0,41,1013,16:20,101.0,76,0.0,0.0
293,246,Mikhail Grabovski\grabomi01,24,MTL,C,24,3,6,9,-4,8,0.6,3,0,0,1,5,1,0,23,269,11:14,9.0,7,51.0,103.0
294,247,Marc-Andre Gragnani\gragnma01,20,BUF,LW,2,0,0,0,-2,4,-0.1,0,0,0,0,0,0,0,1,13,6:18,0.0,2,0.0,0.0
295,248,Chris Gratton\grattch01,32,TBL,C,60,10,11,21,-7,77,1.8,9,1,0,1,8,3,0,92,762,12:42,16.0,84,326.0,277.0
296,249,Josh Gratton\grattjo01,25,PHX,LW,1,0,0,0,1,5,0.0,0,0,0,0,0,0,0,0,10,9:40,0.0,4,0.0,0.0
297,250,Denis Grebeshkov\grebede01,24,EDM,D,71,3,15,18,2,22,3.7,2,1,0,0,13,2,0,34,1198,16:53,55.0,41,0.0,0.0
298,251,Mike Green\greenmi03,22,WSH,D,82,18,38,56,6,62,10.0,10,8,0,4,23,15,0,234,1938,23:38,68.0,94,0.0,1.0
299,252,Andy Greene\greenan01,25,NJD,D,59,2,8,10,0,22,2.9,0,2,0,0,4,3,1,50,1151,19:30,77.0,30,0.0,0.0
300,253,Matt Greene\greenma01,24,EDM,D,46,0,1,1,-3,53,0.6,0,0,0,0,1,0,0,28,768,16:42,78.0,64,0.0,0.0
301,254,Kyle Greentree\greenky01,24,PHI,LW,2,0,0,0,-1,0,-0.1,0,0,0,0,0,0,0,3,18,9:12,1.0,2,0.0,0.0
302,255,Mike Grier\griermi01,33,SJS,RW,78,9,13,22,-8,24,1.3,5,1,3,4,12,0,1,132,1264,16:13,58.0,119,22.0,64.0
303,256,Nicklas Grossmann\grossni01,23,DAL,D,62,0,7,7,10,22,2.6,0,0,0,0,7,0,0,34,964,15:33,43.0,87,0.0,0.0
304,257,Nate Guenin\guenina01,25,PHI,D,2,0,0,0,2,2,0.2,0,0,0,0,0,0,0,0,20,9:57,4.0,1,0.0,0.0
305,258,Bill Guerin\gueribi01,37,NYI,RW,81,23,21,44,-15,65,4.5,16,7,0,5,14,7,0,227,1408,17:23,20.0,62,12.0,6.0
306,259,Ben Guite\guitebe01,29,COL,RW,79,11,11,22,1,47,1.7,11,0,0,2,9,1,1,103,1033,13:05,66.0,115,386.0,419.0
307,260,Niklas Hagman\hagmani01,28,DAL,LW,82,27,14,41,4,51,5.4,19,4,4,8,10,3,1,178,1279,15:36,13.0,40,2.0,17.0
308,261,Ron Hainsey\hainsro01,26,CBJ,D,78,8,24,32,-7,25,6.2,0,8,0,0,8,15,1,161,1760,22:34,91.0,51,0.0,0.0
309,262,David Hale\haleda01,26,CGY,D,58,0,2,2,0,46,0.8,0,0,0,0,2,0,0,35,805,13:53,25.0,86,0.0,0.0
310,263,Adam Hall\hallad01,27,PIT,RW,46,2,4,6,-2,24,-0.3,2,0,0,0,3,1,0,39,546,11:52,30.0,45,146.0,144.0
311,264,Jeff Halpern\halpeje01,31,TOT,C,83,20,22,42,0,54,4.4,15,4,1,2,17,4,1,132,1393,16:47,46.0,81,381.0,352.0
314,265,Dan Hamhuis\hamhuda01,25,NSH,D,80,4,23,27,-4,66,4.8,3,1,0,1,13,7,3,127,1819,22:44,69.0,162,0.0,0.0
315,266,Jeff Hamilton\hamilje01,30,CAR,RW,58,9,15,24,-8,10,2.0,2,7,0,1,6,9,0,116,626,10:48,12.0,17,38.0,41.0
316,267,Roman Hamrlik\hamrlro01,33,MTL,D,77,5,21,26,7,38,5.5,2,3,0,3,13,8,0,129,1781,23:08,187.0,138,0.0,0.0
317,268,Michal Handzus\handzmi01,30,LAK,C,82,7,14,21,-21,45,-0.1,4,0,3,0,12,1,1,89,1250,15:14,55.0,69,532.0,635.0
318,269,Scott Hannan\hannasc01,29,COL,D,82,2,19,21,-5,55,3.8,2,0,0,0,17,1,1,79,1860,22:41,153.0,58,1.0,0.0
319,270,Jannik Hansen\hanseja01,21,VAN,RW,5,0,0,0,0,2,-0.1,0,0,0,0,0,0,0,3,58,11:34,0.0,0,1.0,0.0
320,271,Martin Hanzal\hanzama01,20,PHX,C,72,8,27,35,-7,28,2.4,6,1,1,3,16,11,0,111,1206,16:45,35.0,98,470.0,549.0
321,272,Peter Harrold\harrope01,24,LAK,D,25,2,3,5,3,2,1.4,2,0,0,0,3,0,0,16,410,16:23,13.0,7,1.0,1.0
322,273,Mark Hartigan\hartima01,30,DET,C,23,3,1,4,-2,16,0.4,3,0,0,0,1,0,0,19,165,7:09,0.0,25,60.0,54.0
323,274,Scott Hartnell\hartnsc01,25,PHI,LW,80,24,19,43,2,159,5.2,13,10,1,6,16,2,1,176,1294,16:11,32.0,110,13.0,19.0
324,275,Derian Hatcher\hatchde01,35,PHI,D,44,2,5,7,4,33,2.1,2,0,0,1,4,0,1,27,928,21:06,72.0,106,0.0,0.0
325,276,Niclas Havelid\havelni01,34,ATL,D,81,1,13,14,2,42,3.1,1,0,0,0,12,0,1,54,1661,20:30,183.0,34,0.0,0.0
326,277,Martin Havlat\havlama01,26,CHI,RW,35,10,17,27,4,22,3.0,7,3,0,2,13,4,0,87,650,18:35,9.0,5,0.0,3.0
327,278,Darren Haydar\haydada01,28,ATL,RW,16,1,7,8,4,2,0.8,1,0,0,0,5,2,0,14,188,11:46,5.0,1,0.0,2.0
328,279,Dany Heatley\heatlda01,27,OTT,LW,71,41,41,82,33,76,11.6,28,13,0,8,29,12,0,224,1543,21:44,31.0,58,15.0,11.0
329,280,Jochen Hecht\hechtjo01,30,BUF,C,75,22,27,49,1,38,4.8,18,3,1,2,23,4,0,229,1449,19:19,39.0,45,378.0,518.0
330,281,Bret Hedican\hedicbr01,37,CAR,D,66,2,15,17,17,70,4.2,2,0,0,0,14,1,0,80,1273,19:18,108.0,65,0.0,0.0
331,282,Jan Hejda\hejdaja01,29,CBJ,D,81,0,13,13,20,61,5.4,0,0,0,0,11,0,2,71,1711,21:08,90.0,148,0.0,0.0
332,283,Milan Hejduk\hejdumi01,31,COL,RW,77,29,25,54,8,36,6.5,20,8,1,4,18,7,0,205,1490,19:21,10.0,17,54.0,82.0
333,284,Darren Helm\helmda01,21,DET,C,7,0,0,0,-2,2,-0.2,0,0,0,0,0,0,0,7,49,7:00,0.0,3,5.0,18.0
334,285,Ales Hemsky\hemskal01,24,EDM,RW,74,20,51,71,-9,34,7.2,12,8,0,2,29,22,0,184,1375,18:35,29.0,24,1.0,4.0
335,286,Jordan Hendry\hendrjo02,23,CHI,D,40,1,3,4,0,22,1.0,1,0,0,0,3,0,0,32,689,17:13,46.0,46,0.0,0.0
336,287,Josh Hennessy\hennejo01,22,OTT,C,5,0,0,0,-1,0,-0.1,0,0,0,0,0,0,0,2,19,3:46,1.0,1,5.0,7.0
337,288,T.J. Hensick\hensitj01,22,COL,C,31,6,5,11,-4,2,1.0,2,4,0,1,3,2,0,52,372,11:59,6.0,4,108.0,148.0
338,289,Chris Higgins\higgich01,24,MTL,LW,82,27,25,52,0,22,5.9,15,12,0,5,11,13,1,241,1472,17:57,65.0,76,22.0,40.0
339,290,Andy Hilbert\hilbean01,26,NYI,C,70,8,8,16,2,18,1.2,8,0,0,0,8,0,0,127,943,13:29,50.0,39,99.0,121.0
340,291,Sean Hill\hillse01,37,MIN,D,35,2,7,9,-16,32,0.5,1,1,0,1,3,4,0,18,532,15:12,43.0,68,0.0,0.0
341,292,Jack Hillen\hilleja01,22,NYI,D,2,0,1,1,1,4,0.2,0,0,0,0,1,0,0,3,31,15:32,4.0,1,0.0,0.0
342,293,Dan Hinote\hinotda01,31,STL,RW,58,5,5,10,-3,42,0.5,5,0,0,0,5,0,0,42,610,10:31,18.0,114,14.0,19.0
343,294,Niklas Hjalmarsson\hjalmni01,20,CHI,D,13,0,1,1,-2,13,0.1,0,0,0,0,1,0,0,5,177,13:37,9.0,8,0.0,0.0
344,295,Jan Hlavac\hlavaja01,31,TOT,LW,80,12,23,35,-1,40,3.0,12,0,0,2,21,1,1,152,1212,15:09,21.0,68,1.0,7.0
347,296,Jaroslav Hlinka\hlinkja01,31,COL,LW,63,8,20,28,6,16,2.5,8,0,0,1,19,1,0,90,877,13:56,17.0,16,167.0,216.0
348,297,Shane Hnidy\hnidysh01,32,TOT,D,76,2,6,8,-2,71,2.1,1,0,1,0,6,0,0,49,1066,14:02,81.0,66,0.0,0.0
351,298,Jeff Hoggan\hoggaje01,29,BOS,RW,1,0,0,0,0,0,0.0,0,0,0,0,0,0,0,0,8,7:57,,0,,
352,299,Bobby Holik\holikbo01,37,ATL,C,82,15,19,34,-14,90,2.5,12,3,0,3,15,3,1,140,1310,15:58,41.0,146,871.0,619.0
353,300,Ryan Hollweg\hollwry01,24,NYR,LW,70,2,2,4,-12,96,-0.8,2,0,0,0,2,0,0,59,581,8:18,18.0,174,18.0,21.0
354,301,Tomas Holmstrom\holmsto01,35,DET,RW,59,20,20,40,9,58,5.1,9,11,0,5,13,7,0,137,1035,17:33,7.0,58,0.0,1.0
355,302,Shawn Horcoff\horcosh01,29,EDM,C,53,21,29,50,1,30,5.7,15,6,0,2,19,10,0,115,1178,22:13,30.0,15,487.0,476.0
356,303,Darcy Hordichuk\hordida01,27,NSH,LW,45,1,2,3,-1,60,0.0,1,0,0,1,2,0,0,18,232,5:09,3.0,64,0.0,0.0
357,304,Nathan Horton\hortona01,22,FLA,RW,82,27,35,62,15,85,7.7,18,9,0,3,25,10,0,212,1537,18:44,24.0,81,29.0,44.0
358,305,Marcel Hossa\hossama02,26,TOT,LW,50,1,7,8,2,28,-0.1,1,0,0,0,6,1,0,66,689,13:46,15.0,94,3.0,12.0
361,306,Marian Hossa\hossama01,29,TOT,RW,72,29,37,66,-14,36,7.2,19,8,2,4,16,21,0,264,1538,21:22,19.0,63,4.0,11.0
364,307,Jiri Hudler\hudleji01,24,DET,RW,81,13,29,42,11,26,4.6,10,3,0,2,17,12,0,131,1067,13:10,8.0,25,10.0,16.0
365,308,Trent Hunter\huntetr01,27,NYI,RW,82,12,29,41,-17,43,2.7,10,2,0,1,20,7,2,222,1493,18:13,50.0,256,6.0,23.0
366,309,Matt Hunwick\hunwima01,22,BOS,D,13,0,1,1,-1,4,0.2,0,0,0,0,0,1,0,6,138,10:36,6.0,8,0.0,0.0
367,310,Kristian Huselius\huselkr01,29,CGY,LW,81,25,41,66,10,40,7.8,19,6,0,5,22,19,0,202,1433,17:42,11.0,9,1.0,3.0
368,311,Kent Huskins\huskike01,28,ANA,D,76,4,15,19,23,59,6.1,3,1,0,2,15,0,0,46,1222,16:05,49.0,65,0.0,0.0
369,312,Mike Iggulden\iggulmi01,25,SJS,C,1,0,0,0,-1,0,-0.1,0,0,0,0,0,0,0,1,7,6:40,0.0,0,0.0,0.0
370,313,Jarome Iginla\iginlja01,30,CGY,RW,82,50,48,98,27,83,14.2,35,15,0,9,30,18,0,338,1758,21:26,10.0,98,245.0,200.0
371,314,Brad Isbister\isbisbr01,30,VAN,LW,55,6,5,11,-4,38,0.7,6,0,0,1,4,1,0,71,595,10:49,10.0,26,8.0,9.0
372,315,Raitis Ivanans\ivanara01,29,LAK,LW,73,6,2,8,-10,134,0.1,6,0,0,0,2,0,0,48,548,7:30,11.0,139,0.0,0.0
373,316,Barret Jackman\jackmba01,26,STL,D,78,2,14,16,-12,93,3.0,1,1,0,0,11,2,1,80,1747,22:24,124.0,135,0.0,0.0
374,317,Tim Jackman\jackmti01,26,NYI,RW,36,1,3,4,-3,57,0.0,1,0,0,0,3,0,0,36,238,6:37,9.0,41,2.0,0.0
375,318,Jean-Francois Jacques\jacquje01,22,EDM,LW,9,0,0,0,-3,2,-0.2,0,0,0,0,0,0,0,2,55,6:10,2.0,15,0.0,0.0
376,319,Jason Jaffray\jaffrja01,26,VAN,RW,19,2,4,6,4,19,0.6,1,1,0,1,4,0,0,15,239,12:35,5.0,14,84.0,92.0
377,320,Jaromir Jagr\jagrja01,35,NYR,RW,82,25,46,71,8,58,8.0,18,7,0,5,24,22,0,249,1678,20:28,16.0,27,1.0,2.0
378,321,Connor James\jamesco01,25,PIT,LW,13,1,0,1,-2,2,0.0,0,1,0,0,0,0,0,9,97,7:26,0.0,3,0.0,0.0
379,322,Dan Jancevski\janceda01,26,TOT,D,4,0,0,0,-1,2,-0.1,0,0,0,0,0,0,0,3,23,5:51,3.0,0,0.0,0.0
382,323,Doug Janik\janikdo01,27,TBL,D,61,1,3,4,-3,45,0.9,1,0,0,0,3,0,0,23,569,9:20,44.0,33,0.0,0.0
383,324,Cam Janssen\janssca01,23,STL,RW,12,0,1,1,-1,18,-0.1,0,0,0,0,1,0,0,9,85,7:07,1.0,26,0.0,0.0
384,325,Joe Jensen\jensejo01,24,CAR,C,6,1,0,1,1,2,0.2,1,0,0,1,0,0,0,6,39,6:30,1.0,3,6.0,8.0
385,326,Magnus Johansson\johanma01,34,TOT,D,45,0,14,14,-5,18,1.7,0,0,0,0,11,3,0,37,709,15:45,37.0,23,0.0,0.0
388,327,Aaron Johnson\johnsaa01,24,NYI,D,30,0,2,2,2,30,0.9,0,0,0,0,1,1,0,16,416,13:52,28.0,41,0.0,0.0
389,328,Erik Johnson\johnser01,19,STL,D,69,5,28,33,-9,28,4.8,1,4,0,3,14,14,0,105,1255,18:11,64.0,87,0.0,1.0
390,329,Jack Johnson\johnsja02,21,LAK,D,74,3,8,11,-19,76,1.4,3,0,0,0,8,0,0,81,1605,21:42,136.0,84,3.0,2.0
391,330,Mike Johnson\johnsmi01,33,STL,RW,21,2,3,5,-4,8,0.1,2,0,0,0,3,0,0,21,273,13:01,3.0,13,2.0,6.0
392,331,Ryan Johnson\johnsry01,31,STL,C,79,5,13,18,-2,22,0.5,4,0,1,1,11,0,2,85,1135,14:22,105.0,74,438.0,365.0
393,332,Kim Johnsson\johnski01,31,MIN,D,80,4,23,27,-4,42,5.3,2,2,0,0,15,8,0,87,1876,23:27,121.0,42,0.0,0.0
394,333,Jussi Jokinen\jokinju01,24,TOT,LW,72,16,26,42,-14,18,4.0,10,6,0,2,18,8,0,131,1041,14:27,21.0,16,178.0,163.0
397,334,Olli Jokinen\jokinol01,29,FLA,C,82,34,37,71,-19,67,7.9,16,18,0,5,22,15,0,341,1632,19:54,25.0,78,404.0,534.0
398,335,Blair Jones\jonesbl01,21,TBL,C,4,0,0,0,0,0,0.0,0,0,0,0,0,0,0,1,8,1:55,0.0,1,1.0,7.0
399,336,David Jones\jonesda01,23,COL,RW,27,2,4,6,-5,8,0.1,1,1,0,0,3,1,0,37,307,11:22,9.0,40,3.0,5.0
400,337,Matt Jones\jonesma01,24,PHX,D,45,0,2,2,-13,10,-0.1,0,0,0,0,2,0,0,25,655,14:34,53.0,80,0.0,0.0
401,338,Randy Jones\jonesra01,26,PHI,D,71,5,26,31,8,58,5.9,4,1,0,0,15,11,0,103,1377,19:24,82.0,35,0.0,0.0
402,339,Ed Jovanovski\jovaned01,31,PHX,D,80,12,39,51,-13,73,7.9,4,8,0,2,19,19,1,240,1804,22:33,63.0,114,0.0,0.0
403,340,Milan Jurcina\jurcimi01,24,WSH,D,75,1,8,9,4,30,2.3,0,1,0,0,8,0,0,58,1248,16:38,107.0,151,0.0,0.0
404,341,Frantisek Kaberle\kaberfr01,34,CAR,D,80,0,22,22,-4,30,2.8,0,0,0,0,12,10,0,89,1372,17:09,82.0,28,0.0,0.0
405,342,Tomas Kaberle\kaberto01,29,TOR,D,82,8,45,53,-8,22,7.3,2,6,0,1,21,24,0,155,2039,24:52:00,99.0,41,1.0,1.0
406,343,Patrick Kaleta\kaletpa01,21,BUF,RW,40,3,2,5,1,41,0.4,3,0,0,0,2,0,0,26,253,6:19,12.0,110,1.0,5.0
407,344,Dmitri Kalinin\kalindm01,27,BUF,D,46,1,7,8,-7,32,0.8,0,1,0,0,5,2,0,60,798,17:20,52.0,24,0.0,0.0
408,345,Patrick Kane\kanepa01,19,CHI,RW,82,21,51,72,-5,52,7.2,14,7,0,4,30,21,0,191,1506,18:22,7.0,16,16.0,10.0
409,346,Niko Kapanen\kapanni01,29,PHX,C,79,10,18,28,-1,34,2.3,5,5,0,5,8,10,0,85,1091,13:49,26.0,23,420.0,386.0
410,347,Sami Kapanen\kapansa01,34,PHI,RW,74,5,3,8,-12,16,-0.8,4,0,1,1,3,0,0,76,986,13:19,44.0,51,13.0,18.0
411,348,Paul Kariya*\kariypa01,33,STL,LW,82,16,49,65,-10,50,5.8,11,5,0,1,33,16,0,223,1536,18:44,21.0,18,0.0,6.0
412,349,Andreas Karlsson\karlsan01,32,TBL,C,58,2,2,4,-7,10,-0.6,2,0,0,1,2,0,0,31,560,9:39,30.0,34,182.0,151.0
413,350,Lukas Kaspar\kaspalu01,22,SJS,LW,3,0,0,0,-2,0,-0.1,0,0,0,0,0,0,0,5,37,12:15,1.0,3,0.0,1.0
414,351,Duncan Keith\keithdu01,24,CHI,D,82,12,20,32,30,56,8.7,10,1,1,0,13,5,2,148,2096,25:34:00,115.0,67,0.0,0.0
415,352,Matt Keith\keithma01,24,NYI,RW,3,0,0,0,-1,0,-0.1,0,0,0,0,0,0,0,3,32,10:41,2.0,2,0.0,0.0
416,353,Chris Kelly\kellych01,27,OTT,C,75,11,19,30,3,30,2.0,10,0,1,1,16,1,2,124,1245,16:36,35.0,64,86.0,76.0
417,354,Steve Kelly\kellyst01,31,MIN,C,2,0,0,0,0,0,0.0,0,0,0,0,0,0,0,1,7,3:44,0.0,0,2.0,1.0
418,355,Tyler Kennedy\kennety01,21,PIT,C,55,10,9,19,2,35,1.9,9,1,0,4,6,3,0,104,672,12:13,10.0,48,2.0,6.0
419,356,Ryan Kesler\keslery01,23,VAN,C,80,21,16,37,1,79,3.9,15,4,2,2,12,4,0,177,1524,19:03,71.0,78,720.0,636.0
420,357,Phil Kessel\kesseph01,20,BOS,RW,82,19,18,37,-6,28,3.6,14,5,0,3,16,2,0,213,1249,15:14,17.0,11,137.0,187.0
421,358,Chad Kilger\kilgech01,31,TOR,LW,53,10,7,17,1,18,1.8,10,0,0,0,7,0,0,74,617,11:38,22.0,137,34.0,36.0
422,359,D.J. King\kingdj01,23,STL,LW,61,3,3,6,-4,100,0.2,3,0,0,1,3,0,0,36,342,5:36,3.0,75,2.0,5.0
423,360,Jason King\kingja01,26,ANA,RW,4,0,0,0,-3,0,-0.2,0,0,0,0,0,0,0,2,44,10:57,0.0,1,1.0,0.0
424,361,Ken Klee\kleeke01,36,ATL,D,72,1,9,10,-5,60,1.9,1,0,0,0,8,0,1,56,1443,20:03,134.0,78,0.0,0.0
425,362,Kevin Klein\kleinke01,23,NSH,D,13,0,2,2,-3,6,0.1,0,0,0,0,2,0,0,14,187,14:24,15.0,7,0.0,0.0
426,363,Jon Klemm\klemmjo01,38,LAK,D,22,0,0,0,-5,10,-0.2,0,0,0,0,0,0,0,6,241,10:57,22.0,34,2.0,0.0
427,364,Rostislav Klesla\kleslro01,25,CBJ,D,82,6,12,18,7,60,5.7,3,3,0,1,9,3,0,130,1903,23:13,110.0,107,4.0,1.0
428,365,Mike Knuble\knublmi01,35,PHI,RW,82,29,26,55,-3,72,6.4,13,15,1,3,11,15,0,177,1551,18:55,47.0,58,10.0,15.0
429,366,Chuck Kobasew\kobasch01,25,BOS,RW,73,22,17,39,6,29,4.6,13,6,3,3,12,5,0,147,1290,17:41,29.0,86,28.0,42.0
430,367,David Koci\kocida01,26,CHI,LW,18,0,0,0,-4,68,-0.3,0,0,0,0,0,0,0,2,65,3:38,2.0,17,0.0,0.0
431,368,Ville Koistinen\koistvi01,25,NSH,D,48,4,13,17,13,18,4.1,2,2,0,1,4,9,0,60,806,16:48,30.0,37,0.0,0.0
432,369,Mikko Koivu\koivumi01,24,MIN,C,57,11,31,42,13,42,4.2,9,2,0,2,20,10,1,144,1191,20:53,21.0,40,542.0,490.0
433,370,Saku Koivu\koivusa01,33,MTL,C,77,16,40,56,-4,93,5.1,8,8,0,3,19,19,2,150,1395,18:07,29.0,41,701.0,640.0
434,371,Mike Komisarek\komismi01,26,MTL,D,75,4,13,17,9,101,4.4,4,0,0,1,12,0,1,75,1587,21:09,227.0,266,0.0,1.0
435,372,Maxim Kondratiev\kondrma01,25,ANA,D,4,0,0,0,-2,0,-0.1,0,0,0,0,0,0,0,1,30,7:31,1.0,3,0.0,0.0
436,373,Zenon Konopka\konopze01,27,CBJ,C,3,0,0,0,0,15,0.0,0,0,0,0,0,0,0,4,24,7:54,2.0,5,11.0,10.0
437,374,Petri Kontiola\kontipe01,23,CHI,C,12,0,5,5,5,6,0.4,0,0,0,0,5,0,0,13,175,14:33,0.0,13,31.0,14.0
438,375,Tomas Kopecky\kopecto01,25,DET,RW,77,5,7,12,2,43,0.6,5,0,0,1,7,0,0,87,740,9:37,17.0,111,44.0,65.0
439,376,Anze Kopitar\kopitan01,20,LAK,C,82,32,45,77,-15,22,8.3,18,12,2,3,21,22,2,201,1696,20:41,40.0,47,566.0,584.0
440,377,Andrei Kostitsyn\kostian01,22,MTL,LW,78,26,27,53,15,29,7.0,14,12,0,5,23,4,0,156,1224,15:41,22.0,102,4.0,2.0
441,378,Sergei Kostitsyn\kostise01,20,MTL,LW,52,9,18,27,9,51,2.9,5,3,1,0,16,2,0,49,746,14:21,23.0,54,8.0,15.0
442,379,Tom Kostopoulos\kostoto01,29,MTL,RW,67,7,6,13,-3,113,0.6,4,0,3,1,6,0,0,98,755,11:16,34.0,128,8.0,20.0
443,380,Ales Kotalik\kotalal01,29,BUF,RW,79,23,20,43,-5,58,4.5,11,12,0,1,8,12,0,207,1212,15:21,18.0,137,98.0,123.0
444,381,Ilya Kovalchuk\kovalil01,24,ATL,LW,79,52,35,87,-12,52,12.0,34,16,2,4,21,14,0,283,1699,21:30,25.0,39,13.0,16.0
445,382,Alex Kovalev\kovalal01,34,MTL,RW,82,35,49,84,18,70,10.8,18,17,0,5,17,30,2,230,1603,19:33,39.0,88,32.0,26.0
446,383,Viktor Kozlov\kozlovi01,32,WSH,C,81,16,38,54,28,18,6.2,14,2,0,2,29,9,0,219,1424,17:35,32.0,51,203.0,239.0
447,384,Vyacheslav Kozlov\kozlovy01,35,ATL,LW,82,17,24,41,-10,26,3.7,12,5,0,4,15,9,0,161,1307,15:56,16.0,27,31.0,37.0
448,385,Lukas Krajicek\krajilu01,24,VAN,D,39,2,9,11,-3,36,2.0,1,1,0,0,5,4,0,28,709,18:10,54.0,27,0.0,0.0
449,386,David Krejci\krejcda01,21,BOS,C,56,6,21,27,-3,20,2.0,4,1,1,0,11,9,1,73,835,14:55,27.0,47,302.0,322.0
450,387,Kamil Kreps\krepska01,23,FLA,C,76,8,17,25,10,29,2.3,7,1,0,2,14,3,0,99,986,12:59,30.0,45,411.0,352.0
451,388,Niklas Kronwall\kronwni01,27,DET,D,65,7,28,35,25,44,8.3,7,0,0,0,20,8,0,108,1372,21:06,79.0,93,0.0,0.0
452,389,Staffan Kronwall\kronwst01,25,TOR,D,18,0,0,0,-2,7,0.0,0,0,0,0,0,0,0,9,200,11:07,14.0,14,0.0,0.0
453,390,Filip Kuba\kubafi01,31,TBL,D,75,6,25,31,-8,40,5.4,4,2,0,0,15,9,1,113,1872,24:57:00,129.0,69,0.0,2.0
454,391,Pavel Kubina\kubinpa01,30,TOR,D,72,11,29,40,5,116,7.1,5,6,0,4,16,12,1,136,1722,23:55,166.0,121,0.0,1.0
455,392,Lasse Kukkonen\kukkola01,26,PHI,D,53,1,4,5,3,38,1.6,1,0,0,0,2,2,0,31,834,15:44,111.0,40,0.0,0.0
456,393,Chris Kunitz\kunitch01,28,ANA,LW,82,21,29,50,8,80,5.8,13,7,1,6,22,6,1,196,1386,16:54,19.0,159,16.0,33.0
457,394,Joel Kwiatkowski\kwiatjo01,30,ATL,D,18,0,5,5,-5,20,0.4,0,0,0,0,4,1,0,24,301,16:44,18.0,9,0.0,0.0
458,395,Andrew Ladd\laddan01,22,TOT,LW,63,14,16,30,13,35,3.8,13,1,0,1,12,4,0,131,804,12:46,14.0,138,4.0,4.0
461,396,Brooks Laich\laichbr01,24,WSH,C,82,21,16,37,-3,35,4.1,11,8,2,4,14,2,0,122,1152,14:03,56.0,83,281.0,315.0
462,397,Quintin Laing\laingqu01,28,WSH,LW,39,1,5,6,4,10,0.1,1,0,0,1,5,0,0,48,451,11:33,52.0,49,2.0,4.0
463,398,Robert Lang\langro01,37,CHI,C,76,21,33,54,9,50,6.0,14,7,0,3,23,10,0,172,1400,18:25,22.0,25,591.0,524.0
464,399,Jamie Langenbrunner\langeja01,32,NJD,RW,64,13,28,41,-1,30,4.0,7,5,1,2,16,11,1,152,1171,18:18,15.0,58,10.0,8.0
465,400,Josh Langfeld\langfjo01,30,NSH,RW,2,0,0,0,0,0,0.0,0,0,0,0,0,0,0,5,20,9:48,0.0,2,0.0,0.0
466,401,Daymond Langkow\langkda01,31,CGY,C,80,30,35,65,16,19,8.4,15,14,1,4,25,9,1,201,1506,18:50,37.0,75,357.0,460.0
467,402,Ian Laperriere\laperia01,34,COL,RW,70,4,15,19,-5,140,0.5,4,0,0,1,15,0,0,68,956,13:39,49.0,101,64.0,77.0
468,403,Maxim Lapierre\lapiema01,22,MTL,C,53,7,11,18,5,60,1.6,7,0,0,0,10,0,1,68,698,13:10,35.0,101,259.0,268.0
469,404,Martin Lapointe\lapoima01,34,TOT,RW,70,6,7,13,-5,70,0.6,5,1,0,0,6,1,0,63,658,9:24,12.0,79,9.0,14.0
472,405,Georges Laraque\laraqge01,31,PIT,RW,71,4,9,13,0,141,0.8,4,0,0,2,9,0,0,29,547,7:42,9.0,87,0.0,1.0
473,406,Drew Larman\larmadr01,22,FLA,C,6,0,1,1,1,2,0.1,0,0,0,0,1,0,0,1,36,6:00,1.0,5,10.0,16.0
474,407,Chad Larose\larosch01,25,CAR,LW,58,11,12,23,6,46,2.3,10,0,1,2,10,1,1,117,815,14:03,15.0,73,6.0,13.0
475,408,Brad Larsen\larsebr01,30,ATL,LW,62,1,3,4,-17,12,-1.2,1,0,0,0,3,0,0,35,560,9:02,10.0,43,34.0,47.0
476,409,Matt Lashoff\lashoma01,21,BOS,D,18,1,4,5,-2,0,0.7,0,1,0,0,2,2,0,11,244,13:35,12.0,4,0.0,0.0
477,410,Guillaume Latendresse\latengu01,20,MTL,RW,73,16,11,27,-2,41,3.0,14,2,0,3,9,2,0,116,895,12:15,27.0,134,2.0,6.0
478,411,Jay Leach\leachja02,28,TBL,D,2,0,0,0,-1,0,-0.1,0,0,0,0,0,0,0,0,9,4:37,2.0,1,0.0,0.0
479,412,Brett Lebda\lebdabr01,26,DET,D,78,3,11,14,-1,48,3.3,3,0,0,1,8,3,0,110,1285,16:29,38.0,46,0.0,1.0
480,413,Vincent Lecavalier\lecavvi01,27,TBL,C,81,40,52,92,-17,89,10.7,29,10,1,7,30,19,3,318,1859,22:57,21.0,108,810.0,848.0
481,414,Brian Lee\leebr01,20,OTT,D,6,0,1,1,1,4,0.2,0,0,0,0,0,0,1,6,101,16:49,7.0,3,0.0,0.0
482,415,David Legwand\legwada01,27,NSH,C,65,15,29,44,-4,38,4.1,11,4,0,1,19,9,1,144,1171,18:01,21.0,7,305.0,395.0
483,416,Jere Lehtinen\lehtije01,34,DAL,RW,48,15,22,37,9,14,4.5,6,9,0,1,10,10,2,118,908,18:55,31.0,19,1.0,10.0
484,417,Jordan Leopold\leopojo01,27,COL,D,43,5,8,13,5,20,3.0,3,2,0,1,8,0,0,35,687,15:59,40.0,26,0.0,0.0
485,418,Sami Lepisto\lepissa01,23,WSH,D,7,0,1,1,-1,12,0.1,0,0,0,0,1,0,0,8,93,13:17,3.0,6,0.0,0.0
486,419,Junior Lessard\lessaju01,27,TOT,RW,21,1,1,2,-6,11,-0.3,1,0,0,0,1,0,0,21,207,9:52,1.0,40,0.0,0.0
489,420,Kris Letang\letankr01,20,PIT,D,63,6,11,17,-1,23,3.4,5,1,0,3,3,8,0,68,1144,18:10,75.0,79,0.0,0.0
490,421,Trevor Letowski\letowtr01,30,CAR,RW,75,9,9,18,-10,30,1.0,8,0,1,1,8,1,0,67,770,10:16,37.0,26,269.0,333.0
491,422,Nicklas Lidstrom*\lidstni01,37,DET,D,76,10,60,70,40,40,14.4,5,5,0,4,30,29,1,188,2031,26:43:00,70.0,23,0.0,0.0
492,423,John-Michael Liles\lilesjo01,27,COL,D,81,6,26,32,2,26,5.7,1,5,0,1,11,15,0,163,1593,19:40,121.0,59,0.0,0.0
493,424,Andreas Lilja\liljaan01,32,DET,D,79,2,10,12,-2,93,3.1,2,0,0,2,10,0,0,72,1440,18:14,114.0,133,0.0,1.0
494,425,Trevor Linden\lindetr01,37,VAN,C,59,7,5,12,0,15,1.0,5,0,2,1,5,0,0,45,667,11:19,16.0,48,158.0,158.0
495,426,Joakim Lindstrom\lindsjo01,24,CBJ,C,25,3,4,7,0,14,0.7,1,2,0,1,2,2,0,25,236,9:26,1.0,9,2.0,5.0
496,427,Enver Lisin\lisinen01,21,PHX,RW,13,4,1,5,-5,6,0.5,3,1,0,0,0,1,0,27,188,14:27,1.0,8,1.0,1.0
497,428,Bryan Little\littlbr01,20,ATL,C,48,6,10,16,-2,18,1.0,4,2,0,1,10,0,0,76,749,15:37,8.0,15,224.0,271.0
498,429,Corey Locke\lockeco01,23,MTL,C,1,0,0,0,-1,0,-0.1,0,0,0,0,0,0,0,1,6,5:59,0.0,0,2.0,3.0
499,430,Martin Lojek\lojekma01,22,FLA,D,2,0,0,0,-1,0,-0.1,0,0,0,0,0,0,0,2,12,6:08,0.0,1,0.0,0.0
500,431,Matthew Lombardi\lombama01,25,CGY,C,82,14,22,36,-6,67,2.6,10,2,2,4,18,3,1,181,1420,17:19,53.0,72,455.0,500.0
501,432,Milan Lucic\lucicmi01,19,BOS,LW,77,8,19,27,-2,89,2.1,7,1,0,4,17,2,0,88,933,12:07,28.0,179,4.0,4.0
502,433,Brad Lukowich\lukowbr01,31,TBL,D,59,1,6,7,-15,20,0.7,1,0,0,0,5,0,1,28,980,16:36,105.0,151,0.0,0.0
503,434,Mike Lundin\lundimi01,23,TBL,D,81,0,6,6,3,16,2.1,0,0,0,0,5,0,1,33,1117,13:48,65.0,18,0.0,0.0
504,435,Joel Lundqvist\lundqjo01,25,DAL,C,55,3,11,14,-3,22,0.7,3,0,0,0,10,1,0,48,598,10:52,9.0,88,107.0,117.0
505,436,Joffrey Lupul\lupuljo01,24,PHI,RW,56,20,26,46,2,35,5.6,13,7,0,3,12,14,0,176,1020,18:13,20.0,79,3.0,1.0
506,437,Toni Lydman\lydmato01,30,BUF,D,82,4,22,26,1,74,4.3,1,3,0,0,21,0,1,86,1776,21:40,144.0,155,0.0,1.0
507,438,Clarke MacArthur\macarcl01,22,BUF,LW,37,8,7,15,3,20,1.5,8,0,0,1,7,0,0,51,539,14:34,11.0,36,4.0,10.0
508,439,Craig MacDonald\macdocr01,30,TBL,C,65,2,9,11,-10,16,-0.2,2,0,0,0,9,0,0,84,707,10:52,33.0,53,200.0,202.0
509,440,Derek MacKenzie\mackede01,26,CBJ,C,17,2,0,2,-2,8,0.2,2,0,0,0,0,0,0,19,132,7:47,4.0,12,25.0,48.0
510,441,John Madden\maddejo01,34,NJD,C,80,20,23,43,1,26,4.5,14,3,3,3,22,0,1,185,1556,19:27,50.0,49,786.0,677.0
511,442,Adam Mair\mairad01,28,BUF,C,72,5,12,17,-2,66,1.0,5,0,0,2,12,0,0,62,638,8:52,15.0,110,161.0,192.0
512,443,Manny Malhotra\malhoma01,27,CBJ,C,71,11,18,29,-3,34,2.5,9,2,0,2,16,1,1,112,1169,16:28,40.0,64,683.0,475.0
513,444,Marek Malik\malikma01,32,NYR,D,42,2,8,10,7,48,3.1,2,0,0,0,8,0,0,34,808,19:14,45.0,40,0.0,0.0
514,445,Evgeni Malkin\malkiev01,21,PIT,C,82,47,59,106,16,78,13.9,30,17,0,5,36,23,0,272,1748,21:19,40.0,49,350.0,540.0
515,446,Olli Malmivaara\malmiol01,25,NJD,D,2,0,0,0,2,0,0.2,0,0,0,0,0,0,0,0,18,8:48,1.0,1,0.0,0.0
516,447,Ryan Malone\malonry01,28,PIT,LW,77,27,24,51,14,103,6.2,14,11,2,6,18,5,1,159,1469,19:05,34.0,138,12.0,26.0
517,448,Kirk Maltby\maltbki01,35,DET,LW,61,6,4,10,-8,32,0.1,6,0,0,1,4,0,0,70,736,12:04,17.0,92,3.0,4.0
518,449,Paul Mara\marapa01,28,NYR,D,61,1,16,17,1,52,3.6,1,0,0,0,10,6,0,80,1091,17:53,74.0,74,0.0,1.0
519,450,Todd Marchant\marchto01,34,ANA,C,75,9,7,16,-3,48,0.8,9,0,0,0,5,1,1,93,1112,14:49,52.0,82,331.0,342.0
520,451,Andrei Markov\markoan01,29,MTL,D,82,16,42,58,1,63,9.9,5,10,1,2,18,22,2,145,2048,24:58:00,127.0,59,0.0,0.0
521,452,Patrick Marleau\marlepa01,28,SJS,C,78,19,29,48,-19,33,4.5,12,7,0,2,10,19,0,185,1422,18:14,10.0,83,317.0,288.0
522,453,Paul Martin\martipa01,26,NJD,D,73,5,27,32,20,22,8.1,3,2,0,2,14,12,1,93,1743,23:53,76.0,52,0.0,0.0
523,454,Radek Martinek\martira01,31,NYI,D,69,0,15,15,-9,40,2.8,0,0,0,0,11,0,4,98,1578,22:52,134.0,80,0.0,0.0
524,455,Shawn Matthias\matthsh01,19,FLA,C,4,2,0,2,-2,2,0.3,1,1,0,0,0,0,0,5,53,13:08,1.0,1,17.0,21.0
525,456,Brad May\maybr01,36,ANA,LW,61,3,1,4,2,53,0.2,3,0,0,2,1,0,0,34,404,6:37,3.0,39,0.0,3.0
526,457,Jamal Mayers\mayerja01,33,STL,RW,80,12,15,27,-19,91,1.3,11,0,1,3,14,0,1,153,1275,15:56,38.0,101,384.0,299.0
527,458,Dean McAmmond\mcammde01,34,OTT,LW,68,9,13,22,1,12,1.8,6,0,3,1,11,0,2,67,785,11:32,18.0,43,112.0,147.0
528,459,Bryan McCabe\mccabbr01,32,TOR,D,54,5,18,23,-2,81,3.8,1,4,0,2,6,12,0,107,1400,25:55:00,96.0,109,0.0,0.0
529,460,Steve McCarthy\mccarst01,26,ATL,D,55,1,6,7,-23,48,-0.4,1,0,0,0,5,1,0,41,869,15:47,69.0,99,0.0,0.0
530,461,Darren McCarty\mccarda02,35,DET,RW,3,0,1,1,2,2,0.2,0,0,0,0,1,0,0,3,23,7:47,1.0,4,0.0,0.0
531,462,Jay McClement\mccleja01,24,STL,C,81,9,13,22,-17,26,0.8,9,0,0,2,13,0,0,110,1128,13:55,41.0,62,366.0,334.0
532,463,Cody McCormick\mccorco01,24,COL,C,40,2,2,4,5,50,0.0,2,0,0,1,2,0,0,45,439,10:58,9.0,81,6.0,11.0
533,464,Andy McDonald\mcdonan01,30,TOT,C,82,18,34,52,-21,62,4.3,15,3,0,1,20,14,0,182,1465,17:52,20.0,46,527.0,421.0
536,465,Brian McGrattan\mcgrabr01,26,OTT,RW,38,0,3,3,0,46,0.1,0,0,0,0,3,0,0,11,109,2:52,2.0,18,0.0,0.0
537,466,Nathan McIver\mcivena01,23,VAN,D,17,0,0,0,-8,52,-0.5,0,0,0,0,0,0,0,9,178,10:28,20.0,19,0.0,0.0
538,467,Jay McKee\mckeeja01,30,STL,D,66,2,7,9,2,42,2.7,2,0,0,2,7,0,0,42,1181,17:54,164.0,73,0.0,0.0
539,468,Kyle McLaren\mclarky01,30,SJS,D,61,3,8,11,3,84,3.8,3,0,0,0,7,1,0,39,1120,18:21,75.0,127,0.0,0.0
540,469,Brett McLean\mcleabr01,29,FLA,C,67,14,23,37,-5,34,3.5,10,3,1,1,13,10,0,140,1088,16:14,30.0,22,296.0,328.0
541,470,Cody McLeod\mcleoco01,23,COL,LW,49,4,5,9,-6,120,0.2,4,0,0,0,5,0,0,60,496,10:07,7.0,98,0.0,3.0
542,471,Derek Meech\meechde01,23,DET,D,32,0,3,3,-5,6,0.4,0,0,0,0,0,3,0,44,388,12:08,18.0,22,0.0,0.0
543,472,Andrej Meszaros\meszaan01,22,OTT,D,82,9,27,36,5,50,5.7,2,6,1,1,17,10,0,160,1725,21:02,100.0,101,0.0,1.0
544,473,Marc Methot\methoma01,22,CBJ,D,9,0,0,0,-1,8,0.1,0,0,0,0,0,0,0,9,128,14:14,2.0,16,0.0,0.0
545,474,Glen Metropolit\metrogl01,33,BOS,C,82,11,22,33,-3,36,2.2,10,1,0,5,19,2,1,141,1347,16:26,34.0,65,604.0,622.0
546,475,Freddy Meyer\meyerfr01,27,TOT,D,57,3,9,12,2,22,3.1,3,0,0,2,7,2,0,51,1069,18:45,72.0,88,0.0,0.0
549,476,Stefan Meyer\meyerst01,22,FLA,LW,4,0,0,0,-1,0,-0.1,0,0,0,0,0,0,0,0,10,2:26,0.0,6,3.0,3.0
550,477,Branislav Mezei\mezeibr01,27,FLA,D,57,2,2,4,-13,64,0.4,2,0,0,0,2,0,0,38,824,14:28,56.0,115,0.0,0.0
551,478,Milan Michalek\michami01,23,SJS,LW,79,24,31,55,19,47,7.4,18,5,1,8,20,11,0,233,1428,18:05,31.0,70,6.0,4.0
552,479,Zbynek Michalek\michazb01,25,PHX,D,75,4,13,17,9,34,4.9,4,0,0,2,12,0,1,92,1620,21:36,124.0,53,0.0,0.0
553,480,Antti Miettinen\miettan01,27,DAL,RW,69,15,19,34,4,34,3.9,10,5,0,3,16,3,0,136,965,13:59,8.0,65,14.0,9.0
554,481,Aaron Miller\milleaa01,36,VAN,D,57,1,8,9,-1,32,2.2,1,0,0,1,8,0,0,27,988,17:20,80.0,37,0.0,0.0
555,482,Drew Miller\milledr01,23,ANA,LW,26,2,3,5,-1,6,0.2,2,0,0,0,3,0,0,30,291,11:11,11.0,12,3.0,6.0
556,483,Chris Minard\minarch01,26,PIT,LW,15,1,1,2,-1,10,0.2,1,0,0,0,0,1,0,9,58,3:53,0.0,16,0.0,0.0
557,484,Torrey Mitchell\mitchto01,23,SJS,C,82,10,10,20,-3,50,1.5,7,1,2,0,9,0,1,110,1174,14:19,66.0,113,342.0,350.0
558,485,Willie Mitchell\mitchwi01,30,VAN,D,72,2,10,12,6,81,4.0,2,0,0,1,9,1,0,65,1670,23:12,109.0,49,0.0,0.0
559,486,Mike Modano*\modanmi01,37,DAL,C,82,21,36,57,-11,48,5.4,15,5,1,4,17,18,1,200,1578,19:14,28.0,10,563.0,582.0
560,487,Fredrik Modin\modinfr01,33,CBJ,LW,23,6,6,12,1,20,1.4,4,2,0,1,5,1,0,41,387,16:51,11.0,16,46.0,57.0
561,488,Jaroslav Modry\modryja01,36,TOT,D,80,1,8,9,-9,50,1.7,1,0,0,0,6,2,0,56,1525,19:04,134.0,45,0.0,1.0
564,489,Travis Moen\moentr01,25,ANA,LW,77,3,5,8,-10,81,-1.2,2,0,1,1,5,0,0,98,1219,15:50,28.0,154,8.0,17.0
565,490,Steve Montador\montast01,28,FLA,D,73,8,15,23,1,73,4.3,6,2,0,0,10,5,0,96,850,11:39,21.0,95,0.0,0.0
566,491,Dominic Moore\mooredo01,27,TOT,C,68,5,12,17,-4,24,0.5,4,1,0,0,12,0,0,100,904,13:18,29.0,40,362.0,342.0
569,492,Greg Moore\mooregr01,23,NYR,RW,6,0,0,0,-2,0,-0.2,0,0,0,0,0,0,0,13,71,11:49,1.0,7,3.0,5.0
570,493,Ethan Moreau\moreaet01,32,EDM,LW,25,5,4,9,-4,39,0.7,4,1,0,0,3,1,0,54,398,15:55,13.0,49,10.0,13.0
571,494,Joey Mormina\mormijo01,25,CAR,D,1,0,0,0,0,0,0.0,0,0,0,0,0,0,0,1,8,7:45,0.0,4,0.0,0.0
572,495,Derek Morris\morride01,29,PHX,D,82,8,17,25,8,83,6.3,6,2,0,0,9,8,0,135,1781,21:43,115.0,81,0.0,1.0
573,496,Brendan Morrison\morribr01,32,VAN,C,39,9,16,25,-3,18,2.6,6,3,0,3,5,11,0,54,600,15:23,13.0,17,167.0,203.0
574,497,Shaone Morrisonn\morrish01,25,WSH,D,76,1,9,10,4,63,2.6,1,0,0,1,8,0,1,47,1540,20:16,89.0,94,1.0,0.0
575,498,Brenden Morrow\morrobr01,29,DAL,LW,82,32,42,74,23,105,9.8,18,12,2,7,26,16,0,207,1639,20:00,29.0,260,16.0,25.0
576,499,Dave Moss\mossda01,26,CGY,RW,41,4,7,11,-4,10,0.5,4,0,0,0,7,0,0,60,508,12:24,18.0,42,7.0,10.0
577,500,Mike Mottau\mottami01,29,NJD,D,76,4,13,17,-11,48,3.5,3,1,0,1,8,5,0,68,1570,20:39,84.0,41,0.0,0.0
578,501,Joe Motzko\motzkjo01,27,WSH,RW,8,2,2,4,1,0,0.5,2,0,0,0,2,0,0,10,100,12:27,0.0,4,0.0,3.0
579,502,Matt Moulson\moulsma01,24,LAK,LW,22,5,4,9,2,4,1.1,5,0,0,0,4,0,0,35,266,12:05,21.0,14,1.0,3.0
580,503,Mark Mowers\mowerma01,33,ANA,RW,17,1,0,1,0,8,0.0,1,0,0,0,0,0,0,6,154,9:02,3.0,6,22.0,23.0
581,504,Peter Mueller\muellpe01,19,PHX,C,81,22,32,54,-13,32,5.4,15,7,0,3,17,15,0,201,1398,17:16,12.0,30,105.0,146.0
582,505,Matt Murley\murlema01,28,PHX,LW,3,0,1,1,1,0,0.1,0,0,0,0,1,0,0,3,35,11:44,0.0,3,2.0,1.0
583,506,Cory Murphy\murphco01,29,FLA,D,47,2,15,17,0,22,2.8,1,1,0,0,4,11,0,65,723,15:23,39.0,11,0.0,0.0
584,507,Andrew Murray\murraan01,26,CBJ,C,39,6,4,10,0,12,1.1,6,0,0,0,4,0,0,45,457,11:42,16.0,47,15.0,17.0
585,508,Brady Murray\murrabr01,23,LAK,LW,4,1,0,1,-2,6,0.1,1,0,0,0,0,0,0,2,45,11:18,2.0,6,16.0,15.0
586,509,Douglas Murray\murrado01,27,SJS,D,66,1,9,10,20,98,4.9,1,0,0,0,8,0,1,48,1153,17:28,83.0,127,1.0,1.0
587,510,Garth Murray\murraga01,25,TOT,C,7,0,0,0,0,19,-0.1,0,0,0,0,0,0,0,3,44,6:14,0.0,13,0.0,3.0
590,511,Glen Murray\murragl01,35,BOS,RW,63,17,13,30,-4,50,2.9,10,7,0,2,9,4,0,158,1147,18:13,10.0,42,6.0,13.0
591,512,Ladislav Nagy\nagyla01,28,LAK,LW,38,9,17,26,-2,18,2.8,7,2,0,1,7,10,0,78,524,13:48,11.0,28,44.0,39.0
592,513,Rick Nash\nashri01,23,CBJ,LW,80,38,31,69,2,95,9.4,24,10,4,6,19,12,0,329,1639,20:29,30.0,67,14.0,30.0
593,514,Markus Naslund\nasluma02,34,VAN,LW,82,25,30,55,-7,46,6.1,16,9,0,2,17,13,0,237,1425,17:23,24.0,13,0.0,1.0
594,515,Alain Nasreddine\nasreal01,32,PIT,D,6,0,0,0,-4,4,-0.3,0,0,0,0,0,0,0,3,77,12:53,4.0,5,0.0,0.0
595,516,Chris Neil\neilch01,28,OTT,RW,68,6,14,20,-3,199,0.9,6,0,0,1,14,0,0,78,868,12:46,10.0,204,0.0,0.0
596,517,Kris Newbury\newbukr01,25,TOR,C,28,1,1,2,-7,32,-0.2,1,0,0,0,1,0,0,14,122,4:22,2.0,23,22.0,33.0
597,518,Scott Nichol\nichosc01,33,NSH,C,73,10,8,18,12,72,1.7,8,0,2,1,7,1,0,101,968,13:16,35.0,110,441.0,297.0
598,519,Rob Niedermayer\niedero01,33,ANA,C,78,8,8,16,1,54,0.4,7,0,1,1,6,0,2,111,1382,17:43,28.0,61,23.0,46.0
599,520,Scott Niedermayer*\niedesc01,34,ANA,D,48,8,17,25,-2,16,5.0,1,7,0,3,7,9,1,87,1148,23:54,46.0,35,0.0,0.0
600,521,Frans Nielsen\nielsfr01,23,NYI,C,16,2,1,3,1,0,0.4,2,0,0,0,1,0,0,17,139,8:42,8.0,4,54.0,57.0
601,522,Alexander Nikulin\nikulal01,22,OTT,C,2,0,0,0,-2,0,-0.1,0,0,0,0,0,0,0,0,10,4:56,0.0,0,1.0,0.0
602,523,Marcus Nilson\nilsoma01,29,CGY,LW,47,3,2,5,2,4,0.1,3,0,0,0,2,0,0,47,461,9:49,17.0,6,21.0,20.0
603,524,Robert Nilsson\nilssro01,23,EDM,LW,71,10,31,41,8,22,4.2,7,3,0,0,26,5,0,102,989,13:56,14.0,20,7.0,8.0
604,525,Matt Niskanen\niskama01,21,DAL,D,78,7,19,26,22,36,7.2,5,2,0,0,13,6,0,99,1598,20:30,62.0,47,0.0,0.0
605,526,Petteri Nokelainen\nokelpe01,22,BOS,C,57,7,3,10,0,19,1.0,7,0,0,1,3,0,0,40,472,8:16,19.0,53,149.0,135.0
606,527,Brandon Nolan\nolanbr01,24,CAR,C,6,0,1,1,-2,0,-0.1,0,0,0,0,1,0,0,2,44,7:15,1.0,8,0.0,0.0
607,528,Owen Nolan\nolanow01,35,CGY,RW,77,16,16,32,6,71,3.2,14,1,1,3,11,5,0,163,1275,16:33,22.0,86,181.0,165.0
608,529,Mattias Norstrom\norstma01,36,DAL,D,66,2,11,13,3,40,3.3,1,1,0,1,9,0,2,54,1287,19:30,91.0,77,0.0,0.0
609,530,Jiri Novotny\novotji01,24,CBJ,C,65,8,14,22,-10,24,1.1,7,1,0,0,8,4,2,91,1152,17:43,39.0,103,375.0,415.0
610,531,Petteri Nummelin\nummepe01,35,MIN,D,27,2,7,9,-2,2,1.5,1,1,0,1,2,5,0,31,414,15:20,12.0,4,0.0,1.0
611,532,Teppo Numminen\nummite01,39,BUF,D,1,0,0,0,0,0,0.0,0,0,0,0,0,0,0,1,16,16:03,2.0,0,0.0,0.0
612,533,Lawrence Nycholat\nychola01,28,OTT,D,3,0,0,0,1,0,0.1,0,0,0,0,0,0,0,4,36,11:57,2.0,4,0.0,0.0
613,534,Michael Nylander\nylanmi01,35,WSH,C,40,11,26,37,-19,24,3.1,6,5,0,1,13,13,0,77,766,19:09,10.0,4,263.0,272.0
614,535,Eric Nystrom\nystrer01,24,CGY,LW,44,3,7,10,-5,48,0.3,3,0,0,0,7,0,0,42,506,11:30,17.0,68,7.0,7.0
615,536,Shane O'Brien\obriesh01,24,TBL,D,77,4,17,21,-2,154,4.3,4,0,0,1,15,1,1,69,1634,21:13,97.0,125,0.0,0.0
616,537,Ryan O'Byrne\obyrnry01,23,MTL,D,33,1,6,7,7,45,1.8,1,0,0,0,6,0,0,10,442,13:24,50.0,65,0.0,0.0
617,538,Sean O'Donnell\odonnse01,36,ANA,D,82,2,7,9,9,84,3.8,1,0,1,0,5,0,2,25,1413,17:14,51.0,54,2.0,0.0
618,539,Patrick O'Sullivan\osullpa01,22,LAK,C,82,22,31,53,-8,36,5.1,16,3,3,2,22,7,2,220,1534,18:42,45.0,95,203.0,258.0
619,540,Johnny Oduya\oduyajo01,26,NJD,D,75,6,20,26,27,46,7.7,4,2,0,0,14,6,0,63,1427,19:02,79.0,71,0.0,0.0
620,541,Mattias Ohlund\ohlunma01,31,VAN,D,53,9,15,24,-1,79,5.1,5,4,0,2,8,7,0,128,1260,23:46,96.0,64,0.0,0.0
621,542,Kyle Okposo\okposky01,19,NYI,RW,9,2,3,5,3,2,0.7,1,1,0,1,2,0,1,15,148,16:28,3.0,5,0.0,0.0
622,543,Rostislav Olesz\oleszro01,22,FLA,LW,56,14,12,26,3,16,2.8,9,5,0,2,8,4,0,139,956,17:04,25.0,69,7.0,3.0
623,544,Ben Ondrus\ondrube01,25,TOR,RW,3,0,0,0,-1,5,-0.1,0,0,0,0,0,0,0,4,15,5:07,0.0,2,1.0,2.0
624,545,Brooks Orpik\orpikbr01,27,PIT,D,78,1,10,11,11,57,3.4,1,0,0,0,9,0,1,50,1323,16:58,125.0,239,0.0,0.0
625,546,Colton Orr\orrco01,25,NYR,RW,74,1,1,2,-13,159,-1.1,1,0,0,1,1,0,0,24,579,7:49,25.0,146,1.0,1.0
626,547,Jed Ortmeyer\ortmeje01,29,NSH,RW,51,4,4,8,-8,32,-0.2,3,0,1,0,3,0,1,68,635,12:27,23.0,63,6.0,6.0
627,548,Steve Ott\ottst01,25,DAL,C,73,11,11,22,2,147,1.9,10,0,1,2,8,1,2,89,1056,14:28,26.0,182,183.0,128.0
628,549,Michel Ouellet\ouellmi01,25,TBL,RW,64,17,19,36,11,12,4.8,12,5,0,0,13,6,0,132,872,13:38,19.0,56,19.0,23.0
629,550,Alex Ovechkin\ovechal01,22,WSH,LW,82,65,47,112,28,40,17.2,43,22,0,11,32,15,0,446,1894,23:06,44.0,220,7.0,11.0
630,551,Sandis Ozolinsh\ozolisa01,35,SJS,D,39,3,13,16,-11,24,2.3,1,2,0,0,4,9,0,39,662,16:59,32.0,28,0.0,0.0
631,552,Nathan Paetsch\paetsna01,24,BUF,D,59,2,7,9,3,27,1.9,2,0,0,0,4,3,0,49,804,13:38,52.0,34,0.0,0.0
632,553,Samuel Pahlsson\pahlssa01,30,ANA,C,56,6,9,15,-2,34,0.5,3,0,3,3,8,1,0,94,1051,18:46,24.0,114,586.0,480.0
633,554,Daniel Paille\paillda01,23,BUF,LW,77,19,16,35,9,14,4.2,16,0,3,2,16,0,0,110,1022,13:16,24.0,60,15.0,26.0
634,555,Jay Pandolfo\pandoja01,33,NJD,LW,54,12,12,24,10,22,2.9,12,0,0,1,12,0,0,78,933,17:17,32.0,32,3.0,4.0
635,556,Ryan Parent\parenry01,20,PHI,D,22,0,0,0,-4,6,-0.1,0,0,0,0,0,0,0,9,330,14:59,17.0,23,0.0,0.0
636,557,Zach Parise\parisza01,23,NJD,LW,81,32,33,65,13,25,8.9,21,10,1,8,20,13,0,266,1463,18:04,30.0,76,50.0,54.0
637,558,Richard Park\parkri01,31,NYI,RW,82,12,20,32,-4,20,2.7,7,1,4,2,15,4,1,132,1249,15:14,62.0,43,314.0,312.0
638,559,Scott Parker\parkesc01,30,COL,RW,25,0,0,0,0,70,-0.2,0,0,0,0,0,0,0,5,92,3:42,1.0,18,0.0,0.0
639,560,Mark Parrish\parrima01,30,MIN,RW,66,16,14,30,2,16,3.4,9,7,0,0,9,5,0,95,986,14:56,43.0,32,4.0,6.0
640,561,George Parros\parroge01,28,ANA,RW,69,1,4,5,3,183,0.1,1,0,0,0,4,0,0,30,410,5:57,9.0,91,3.0,7.0
641,562,Joe Pavelski\paveljo01,23,SJS,C,82,19,21,40,1,28,4.8,10,8,1,4,11,10,0,207,1157,14:07,59.0,67,270.0,231.0
642,563,Michael Peca\pecami01,33,CBJ,C,65,8,26,34,-1,64,2.7,5,3,0,3,14,11,1,86,1207,18:34,57.0,74,571.0,513.0
643,564,Theo Peckham\peckhth01,20,EDM,D,1,0,0,0,0,2,0.0,0,0,0,0,0,0,0,0,13,13:22,2.0,1,0.0,0.0
644,565,Pascal Pelletier\pellepa01,24,BOS,LW,6,0,0,0,-2,0,-0.2,0,0,0,0,0,0,0,8,66,11:04,2.0,12,1.0,0.0
645,566,Rod Pelley\pellero02,23,NJD,C,58,2,4,6,-3,19,-0.1,2,0,0,1,4,0,0,59,540,9:19,12.0,73,150.0,171.0
646,567,Ville Peltonen\peltovi01,34,FLA,LW,56,5,15,20,-2,20,1.1,4,1,0,0,13,2,0,108,886,15:49,31.0,33,3.0,13.0
647,568,Dustin Penner\pennedu01,25,EDM,LW,82,23,24,47,-12,45,4.7,10,13,0,4,15,9,0,201,1411,17:12,37.0,99,104.0,85.0
648,569,Joel Perrault\perrajo01,24,PHX,C,49,7,10,17,-11,48,1.0,4,3,0,2,6,4,0,87,707,14:26,16.0,42,294.0,305.0
649,570,Yanic Perreault\perreya01,36,CHI,C,53,9,5,14,-1,24,1.3,9,0,0,0,3,1,1,58,610,11:30,12.0,17,294.0,162.0
650,571,Eric Perrin\perrier01,32,ATL,C,81,12,33,45,-5,26,3.5,8,2,2,0,21,4,8,121,1444,17:50,31.0,51,378.0,335.0
651,572,David Perron\perroda01,19,STL,LW,62,13,14,27,16,38,3.7,10,3,0,1,12,2,0,68,778,12:33,7.0,65,5.0,9.0
652,573,Corey Perry\perryco01,22,ANA,RW,70,29,25,54,12,108,7.5,18,11,0,4,19,6,0,200,1257,17:57,11.0,95,3.0,13.0
653,574,Andrew Peters\peteran01,27,BUF,LW,44,1,1,2,-4,100,-0.1,1,0,0,0,1,0,0,18,138,3:09,3.0,22,0.0,1.0
654,575,Toby Petersen\peterto01,29,DAL,C,8,0,3,3,0,4,0.2,0,0,0,0,3,0,0,6,63,7:50,3.0,9,22.0,22.0
655,576,Matt Pettinger\pettima01,27,TOT,LW,76,6,7,13,-11,36,-0.4,5,1,0,3,5,2,0,127,1087,14:18,35.0,75,11.0,8.0
658,577,Rich Peverley\peverri01,25,NSH,C,33,5,5,10,4,8,1.2,5,0,0,2,5,0,0,43,341,10:20,5.0,12,61.0,71.0
659,578,Dion Phaneuf\phanedi01,22,CGY,D,82,17,43,60,12,182,11.2,6,10,1,4,20,23,0,263,2167,26:25:00,88.0,194,0.0,0.0
660,579,Chris Phillips\phillch02,29,OTT,D,81,5,13,18,15,56,4.1,4,1,0,1,10,0,3,80,1821,22:29,151.0,126,0.0,1.0
661,580,Alexandre Picard\picaral01,22,TOT,D,24,3,3,6,-12,10,0.5,2,1,0,1,3,0,0,24,490,20:25,38.0,35,0.0,0.0
664,581,Alexandre Picard\picaral02,22,CBJ,LW,3,0,0,0,0,2,0.0,0,0,0,0,0,0,0,1,20,6:46,0.0,10,0.0,0.0
665,582,Antti Pihlstrom\pihlsan01,23,NSH,LW,1,0,0,0,-1,0,-0.1,0,0,0,0,0,0,0,1,9,9:08,0.0,1,0.0,0.0
666,583,Adam Pineault\pineaad01,21,CBJ,RW,3,0,0,0,-2,0,-0.1,0,0,0,0,0,0,0,5,33,11:03,0.0,1,0.0,1.0
667,584,Fernando Pisani\pisanfe01,31,EDM,RW,56,13,9,22,-5,28,2.0,9,4,0,3,8,1,0,96,926,16:32,14.0,41,2.0,5.0
668,585,Joni Pitkanen\pitkajo01,24,EDM,D,63,8,18,26,-5,56,4.9,6,1,1,1,9,9,0,101,1520,24:07:00,59.0,32,0.0,0.0
669,586,Geoff Platt\plattge01,22,ANA,C,5,0,0,0,2,2,0.0,0,0,0,0,0,0,0,4,56,11:17,1.0,3,2.0,5.0
670,587,Tomas Plekanec\plekato01,25,MTL,C,81,29,40,69,15,42,8.6,15,12,2,6,26,13,1,186,1464,18:05,28.0,32,683.0,698.0
671,588,Tomas Plihal\plihato01,24,SJS,C,22,2,1,3,4,4,0.4,2,0,0,0,1,0,0,34,238,10:50,5.0,20,5.0,14.0
672,589,Thomas Pock\pockth01,26,NYR,D,1,0,0,0,-2,0,-0.1,0,0,0,0,0,0,0,2,19,18:53,3.0,1,0.0,0.0
673,590,John Pohl\pohljo01,28,TOR,C,33,1,4,5,-4,10,0.0,1,0,0,1,4,0,0,23,234,7:06,3.0,28,41.0,53.0
674,591,Roman Polak\polakro01,21,STL,D,6,0,1,1,1,0,0.3,0,0,0,0,1,0,0,2,69,11:32,6.0,6,0.0,0.0
675,592,Jason Pominville\pominja01,25,BUF,RW,82,27,53,80,16,20,8.9,24,2,1,1,26,25,2,232,1637,19:58,37.0,30,24.0,42.0
676,593,Alexei Ponikarovsky\ponikal01,27,TOR,LW,66,18,17,35,3,36,3.8,17,1,0,1,11,6,0,150,1054,15:58,21.0,77,1.0,3.0
677,594,Mark Popovic\popovma01,25,ATL,D,33,0,2,2,-4,10,0.3,0,0,0,0,2,0,0,25,478,14:28,35.0,22,0.0,0.0
678,595,Brian Pothier\pothibr01,30,WSH,D,38,5,9,14,5,20,3.0,4,1,0,1,6,3,0,65,710,18:42,34.0,25,0.0,0.0
679,596,Tom Poti\potito01,30,WSH,D,71,2,27,29,9,46,5.3,2,0,0,0,19,8,0,99,1667,23:29,119.0,42,0.0,0.0
680,597,Ryan Potulny\potulry01,23,PHI,C,7,0,1,1,0,4,0.0,0,0,0,0,0,1,0,5,46,6:30,2.0,6,14.0,18.0
681,598,Benoit Pouliot\poulibe01,21,MIN,LW,11,2,1,3,-1,0,0.3,2,0,0,0,0,1,0,10,97,8:49,1.0,6,26.0,39.0
682,599,Marc Pouliot\poulima01,22,EDM,C,24,1,6,7,-1,12,0.4,1,0,0,0,5,1,0,32,248,10:20,3.0,23,21.0,23.0
683,600,Nolan Pratt\prattno01,32,BUF,D,55,1,6,7,1,30,1.4,1,0,0,0,6,0,0,21,744,13:31,76.0,54,0.0,0.0
684,601,Tom Preissing\preisto01,29,LAK,D,77,8,16,24,-6,16,4.3,2,6,0,1,12,4,0,93,1377,17:53,42.0,22,2.0,7.0
685,602,Wayne Primeau\primewa01,31,CGY,C,43,3,7,10,-3,26,0.4,3,0,0,0,7,0,0,39,475,11:03,20.0,36,51.0,43.0
686,603,Chris Pronger*\prongch01,33,ANA,D,72,12,31,43,-1,128,8.4,4,8,0,4,8,22,1,182,1872,26:00:00,99.0,74,4.0,3.0
687,604,Vinny Prospal\prospva01,32,TOT,LW,80,33,38,71,0,45,8.8,23,10,0,5,38,0,0,215,1550,19:22,37.0,73,141.0,115.0
690,605,Petr Prucha\pruchpe01,25,NYR,LW,62,7,10,17,3,22,1.6,5,2,0,1,8,2,0,89,722,11:38,17.0,81,2.0,1.0
691,606,Teddy Purcell\purcete01,22,LAK,RW,10,1,2,3,2,0,0.3,1,0,0,0,2,0,0,10,120,11:59,0.0,2,0.0,0.0
692,607,Taylor Pyatt\pyattta01,26,VAN,LW,79,16,21,37,9,60,4.1,9,7,0,2,19,2,0,167,1247,15:47,45.0,76,12.0,24.0
693,608,Kyle Quincey\quincky01,22,DET,D,6,0,0,0,-3,4,-0.2,0,0,0,0,0,0,0,5,84,13:58,7.0,12,0.0,0.0
694,609,Karel Rachunek\rachuka01,28,NJD,D,47,4,9,13,3,40,3.4,4,0,0,0,7,2,0,68,911,19:23,47.0,62,0.0,0.0
695,610,Branko Radivojevic\radivbr01,27,MIN,RW,73,7,10,17,-14,48,0.1,6,1,0,3,9,1,0,91,1089,14:55,31.0,98,15.0,24.0
696,611,Alexander Radulov\radulal01,21,NSH,RW,81,26,32,58,7,44,6.9,22,4,0,2,30,2,0,183,1328,16:24,36.0,17,0.0,1.0
697,612,Brian Rafalski\rafalbr01,34,DET,D,73,13,42,55,27,34,11.7,3,10,0,1,21,21,0,175,1757,24:04:00,70.0,38,0.0,0.0
698,613,Tim Ramholt\ramhoti01,23,CGY,D,1,0,0,0,-1,0,-0.1,0,0,0,0,0,0,0,0,1,0:45,,0,,
699,614,Paul Ranger\rangepa01,23,TBL,D,72,10,21,31,-13,56,5.4,9,0,1,0,16,5,0,105,1816,25:13:00,117.0,105,0.0,0.0
700,615,Mason Raymond\raymoma01,22,VAN,LW,49,9,12,21,1,2,2.3,8,1,0,0,7,5,0,80,614,12:31,8.0,23,24.0,39.0
701,616,Marty Reasoner\reasoma01,30,EDM,C,82,11,14,25,-17,50,1.1,11,0,0,0,11,2,1,113,1227,14:58,53.0,23,478.0,428.0
702,617,Mark Recchi*\recchma01,39,TOT,RW,72,14,34,48,-18,32,3.8,7,7,0,0,18,16,0,121,1287,17:52,22.0,71,27.0,31.0
705,618,Wade Redden\reddewa01,30,OTT,D,80,6,32,38,11,60,6.1,2,4,0,1,19,12,1,136,1777,22:13,94.0,88,0.0,0.0
706,619,Liam Reddox\reddoli01,22,EDM,LW,1,0,0,0,-1,0,-0.1,0,0,0,0,0,0,0,1,6,5:55,0.0,1,0.0,0.0
707,620,Robyn Regehr\regehro01,27,CGY,D,82,5,15,20,11,79,5.0,3,1,1,0,12,2,1,93,1750,21:20,88.0,154,0.0,0.0
708,621,Steve Regier\regiest01,23,NYI,LW,8,0,0,0,-1,4,-0.1,0,0,0,0,0,0,0,7,64,7:59,4.0,9,0.0,1.0
709,622,Jeremy Reich\reichje01,28,BOS,LW,58,2,2,4,-5,78,-0.4,2,0,0,1,1,0,1,39,479,8:15,13.0,51,15.0,16.0
710,623,Steve Reinprecht\reinpst01,31,PHX,C,81,16,30,46,-3,26,4.5,10,5,1,0,23,7,0,105,1272,15:42,42.0,28,516.0,504.0
711,624,Mike Ribeiro\ribeimi01,27,DAL,C,76,27,56,83,21,46,10.5,20,7,0,5,32,24,0,107,1400,18:26,23.0,53,396.0,488.0
712,625,Brad Richards\richabr01,27,TOT,C,74,20,42,62,-27,15,5.0,9,9,2,4,22,19,1,249,1736,23:28,22.0,12,514.0,539.0
715,626,Mike Richards\richami02,22,PHI,C,73,28,47,75,14,76,9.2,15,8,5,6,23,23,1,212,1570,21:31,46.0,110,698.0,682.0
716,627,Brad Richardson\richabr02,22,COL,RW,22,2,3,5,-3,8,0.1,2,0,0,0,3,0,0,32,297,13:29,3.0,13,26.0,34.0
717,628,Luke Richardson\richalu01,38,OTT,D,76,2,7,9,1,41,1.5,2,0,0,0,7,0,0,41,936,12:19,55.0,65,0.0,0.0
718,629,Danny Richmond\richmda01,23,CHI,D,7,0,0,0,-5,2,-0.4,0,0,0,0,0,0,0,2,66,9:24,2.0,7,0.0,0.0
719,630,Patrick Rissmiller\rissmpa01,29,SJS,LW,79,8,9,17,-8,30,0.9,8,0,0,2,9,0,0,119,1040,13:10,35.0,111,109.0,105.0
720,631,Byron Ritchie\ritchby01,30,VAN,C,71,3,8,11,-10,80,-0.4,3,0,0,0,5,3,0,73,875,12:19,34.0,89,262.0,253.0
721,632,Mattias Ritola\ritolma01,20,DET,C,2,0,1,1,0,0,0.1,0,0,0,0,1,0,0,2,12,5:47,0.0,0,0.0,0.0
722,633,Craig Rivet\rivetcr01,33,SJS,D,74,5,30,35,3,104,7.4,3,2,0,0,11,18,1,105,1569,21:12,79.0,73,0.0,0.0
723,634,Gary Roberts\roberga01,41,PIT,LW,38,3,12,15,-3,40,0.9,2,1,0,0,10,2,0,41,507,13:20,5.0,43,5.0,2.0
724,635,Stephane Robidas\robidst01,30,DAL,D,82,9,17,26,0,85,5.6,2,7,0,2,9,7,1,153,1693,20:39,109.0,220,0.0,0.0
725,636,Randy Robitaille\robitra01,32,OTT,C,68,10,19,29,4,18,2.5,9,1,0,1,16,3,0,99,922,13:34,13.0,23,82.0,60.0
726,637,Jeremy Roenick\roenije01,38,SJS,C,69,14,19,33,-8,26,3.5,7,7,0,10,14,5,0,89,949,13:45,22.0,96,83.0,105.0
727,638,Brian Rolston\rolstbr01,34,MIN,LW,81,31,28,59,-1,53,6.9,19,11,1,8,11,17,0,289,1626,20:04,24.0,59,67.0,98.0
728,639,Aaron Rome\romeaa01,24,CBJ,D,17,1,1,2,-4,33,0.4,1,0,0,0,1,0,0,15,309,18:11,17.0,33,0.0,0.0
729,640,Allan Rourke\rourkal01,27,EDM,D,13,0,0,0,-1,5,0.1,0,0,0,0,0,0,0,4,142,10:56,22.0,3,0.0,0.0
730,641,Andre Roy\royan01,32,TBL,RW,63,4,3,7,-1,108,0.6,4,0,0,0,3,0,0,38,344,5:28,3.0,91,0.0,0.0
731,642,Derek Roy\royde01,24,BUF,C,78,32,49,81,13,46,9.5,23,6,3,4,30,17,2,218,1636,20:58,48.0,35,700.0,673.0
732,643,Mathieu Roy\royma01,24,EDM,D,13,0,1,1,0,27,0.2,0,0,0,0,1,0,0,8,135,10:23,9.0,7,0.0,0.0
733,644,Michal Rozsival\rozsimi01,29,NYR,D,80,13,25,38,0,80,8.4,5,6,2,0,13,12,0,127,1964,24:33:00,129.0,93,0.0,0.0
734,645,Martin Rucinsky\rucinma01,36,STL,LW,40,5,11,16,-9,40,0.9,4,1,0,0,7,4,0,67,600,15:01,8.0,19,7.0,6.0
735,646,Mike Rupp\ruppmi01,28,NJD,C,64,3,6,9,-8,58,0.2,2,1,0,0,5,1,0,69,516,8:04,7.0,104,75.0,80.0
736,647,Kris Russell\russekr01,20,CBJ,D,67,2,8,10,-12,14,1.6,1,1,0,1,5,3,0,90,991,14:47,64.0,31,0.0,0.0
737,648,Jarkko Ruutu\ruutuja01,32,PIT,LW,71,6,10,16,3,138,1.1,5,0,1,1,10,0,0,55,725,10:12,19.0,134,4.0,6.0
738,649,Tuomo Ruutu\ruututu01,24,TOT,LW,77,10,22,32,4,91,2.4,6,4,0,1,22,0,0,100,1224,15:54,19.0,171,28.0,38.0
741,650,Stefan Ruzicka\ruzicst01,22,PHI,RW,14,1,3,4,5,27,0.5,1,0,0,0,2,1,0,10,121,8:40,3.0,9,0.0,5.0
742,651,Bobby Ryan\ryanbo01,20,ANA,RW,23,5,5,10,-1,6,1.2,2,3,0,0,4,1,0,37,259,11:16,5.0,20,1.0,0.0
743,652,Michael Ryan\ryanmi01,27,BUF,C,46,4,4,8,-4,30,0.2,4,0,0,0,4,0,0,60,455,9:53,14.0,27,0.0,2.0
744,653,Michael Ryder\rydermi01,27,MTL,RW,70,14,17,31,-4,30,3.0,13,1,0,2,5,12,0,134,927,13:15,15.0,122,5.0,13.0
745,654,Rick Rypien\rypieri01,23,VAN,C,22,1,2,3,-5,41,-0.1,1,0,0,0,1,0,1,8,178,8:07,10.0,28,44.0,62.0
746,655,Joe Sakic*\sakicjo01,38,COL,C,44,13,27,40,-4,20,3.9,8,5,0,1,13,14,0,124,879,19:59,21.0,11,296.0,290.0
747,656,Ruslan Salei\saleiru01,33,TOT,D,82,6,24,30,-4,98,5.4,5,1,0,1,16,7,1,111,1841,22:27,135.0,162,0.0,1.0
750,657,Sami Salo\salosa01,33,VAN,D,63,8,17,25,8,38,6.1,2,6,0,1,5,11,1,122,1490,23:39,79.0,36,0.0,0.0
751,658,Bryce Salvador\salvabr01,31,TOT,D,64,1,10,11,12,54,3.8,1,0,0,1,9,0,1,29,1267,19:48,104.0,75,0.0,1.0
754,659,Sergei Samsonov\samsose01,29,TOT,LW,61,14,22,36,-1,16,3.5,11,3,0,2,15,7,0,109,970,15:54,17.0,12,0.0,3.0
757,660,Mikael Samuelsson\samuemi01,31,DET,RW,73,11,29,40,21,26,4.4,8,3,0,1,21,8,0,249,1187,16:16,21.0,74,6.0,8.0
758,661,Geoff Sanderson\sandege01,35,EDM,LW,41,3,10,13,-7,16,0.7,3,0,0,0,8,1,1,40,416,10:09,7.0,8,12.0,11.0
759,662,Cory Sarich\saricco01,29,CGY,D,80,2,5,7,2,135,2.3,2,0,0,0,3,0,2,57,1506,18:49,64.0,157,0.0,0.0
760,663,Miroslav Satan\satanmi01,33,NYI,RW,80,16,25,41,-11,39,3.5,11,5,0,4,17,8,0,171,1466,18:19,22.0,19,19.0,18.0
761,664,Kurt Sauer\sauerku01,27,COL,D,54,1,5,6,17,41,3.1,1,0,0,0,5,0,0,28,1009,18:41,59.0,48,0.0,0.0
762,665,Marc Savard\savarma01,30,BOS,C,74,15,63,78,3,66,7.6,11,4,0,2,34,27,2,196,1519,20:31,11.0,38,802.0,753.0
763,666,Peter Schaefer\schaepe01,30,BOS,LW,63,9,17,26,4,18,2.3,9,0,0,0,11,6,0,91,943,14:58,16.0,32,3.0,4.0
764,667,Mathieu Schneider\schnema01,38,ANA,D,65,12,27,39,22,50,9.3,7,5,0,2,15,12,0,139,1449,22:18,56.0,78,0.0,0.0
765,668,Rob Schremp\schrero01,21,EDM,C,2,0,0,0,-1,0,-0.1,0,0,0,0,0,0,0,3,14,6:57,0.0,0,0.0,1.0
766,669,Christoph Schubert\schubch01,25,OTT,D,82,8,16,24,7,64,4.3,7,1,0,0,10,6,0,137,1113,13:34,36.0,187,1.0,3.0
767,670,Jeff Schultz\schulje02,21,WSH,D,72,5,13,18,12,28,4.4,5,0,0,0,13,0,0,36,1303,18:05,90.0,61,1.0,0.0
768,671,Nick Schultz\schulni01,25,MIN,D,81,2,13,15,9,42,4.6,2,0,0,0,12,0,1,52,1634,20:10,147.0,101,0.0,0.0
769,672,Rob Scuderi\scudero01,29,PIT,D,71,0,5,5,3,26,1.9,0,0,0,0,5,0,0,28,1331,18:45,110.0,32,0.0,0.0
770,673,Brent Seabrook\seabrbr01,22,CHI,D,82,9,23,32,13,90,6.7,5,4,0,2,14,8,1,152,1763,21:30,106.0,167,0.0,1.0
771,674,Daniel Sedin\sedinda01,27,VAN,LW,82,29,45,74,6,50,9.0,17,12,0,7,25,20,0,247,1562,19:03,14.0,11,17.0,21.0
772,675,Henrik Sedin\sedinhe01,27,VAN,C,82,15,61,76,6,56,7.6,10,4,1,2,36,25,0,141,1600,19:31,15.0,19,643.0,726.0
773,676,Dennis Seidenberg\seidede01,26,CAR,D,47,0,15,15,6,18,2.6,0,0,0,0,8,7,0,80,885,18:50,81.0,110,1.0,0.0
774,677,Andrej Sekera\sekeran01,21,BUF,D,37,2,6,8,5,16,1.9,2,0,0,1,3,3,0,28,726,19:37,50.0,19,0.0,0.0
775,678,Teemu Selanne*\selante01,37,ANA,RW,26,12,11,23,5,8,3.3,5,7,0,2,6,5,0,87,471,18:07,2.0,6,34.0,33.0
776,679,Alexei Semenov\semenal01,26,SJS,D,22,1,3,4,-8,36,0.5,0,1,0,0,3,0,0,23,335,15:15,17.0,24,0.0,0.0
777,680,Alexander Semin\seminal01,23,WSH,LW,63,26,16,42,-18,54,4.8,16,10,0,2,6,10,0,185,1065,16:55,14.0,20,4.0,7.0
778,681,Tom Sestito\sestito01,20,CBJ,LW,1,0,0,0,0,17,0.0,0,0,0,0,0,0,0,0,5,4:36,0.0,1,0.0,0.0
779,682,Devin Setoguchi\setogde01,21,SJS,RW,44,11,6,17,6,8,2.4,8,3,0,2,6,0,0,105,627,14:15,17.0,64,11.0,6.0
780,683,Brendan Shanahan*\shanabr01,39,NYR,LW,73,23,23,46,-2,35,5.2,12,11,0,3,14,8,1,265,1351,18:31,47.0,47,6.0,2.0
781,684,Ryan Shannon\shannry01,24,VAN,RW,27,5,8,13,-1,24,1.4,1,4,0,0,6,2,0,34,348,12:53,8.0,10,32.0,50.0
782,685,Patrick Sharp\sharppa01,26,CHI,LW,80,36,26,62,23,55,8.9,20,9,7,7,19,5,2,209,1502,18:47,27.0,50,305.0,289.0
783,686,Jody Shelley\shelljo01,31,TOT,LW,62,1,6,7,-4,135,0.2,1,0,0,0,6,0,0,41,364,5:52,5.0,93,0.0,2.0
786,687,James Sheppard\sheppja01,19,MIN,C,78,4,15,19,0,29,1.1,4,0,0,1,12,3,0,57,828,10:37,22.0,40,272.0,383.0
787,688,Mike Sillinger\sillimi01,36,NYI,C,52,14,12,26,-10,28,2.4,9,3,2,2,9,3,0,94,968,18:36,25.0,28,578.0,448.0
788,689,Jon Sim\simjo01,30,NYI,LW,2,0,1,1,-1,2,0.0,0,0,0,0,1,0,0,8,29,14:19,0.0,4,0.0,0.0
789,690,Chris Simon\simonch01,36,TOT,LW,38,1,2,3,-2,59,-0.1,1,0,0,0,2,0,0,27,273,7:11,8.0,17,2.0,0.0
792,691,Fredrik Sjostrom\sjostfr01,24,TOT,RW,69,12,9,21,-2,22,2.1,8,2,2,2,7,2,0,110,837,12:07,21.0,103,6.0,30.0
795,692,Jack Skille\skillja01,20,CHI,RW,16,3,2,5,1,0,0.6,3,0,0,0,2,0,0,23,192,11:59,4.0,15,2.0,2.0
796,693,Martin Skoula\skoulma01,28,MIN,D,80,3,8,11,-16,26,2.2,3,0,0,1,8,0,0,63,1639,20:29,101.0,71,0.0,0.0
797,694,Karlis Skrastins\skraska01,33,TOT,D,60,2,3,5,-11,32,0.9,2,0,0,1,3,0,0,45,1116,18:36,105.0,42,0.0,0.0
800,695,Jim Slater\slateji01,25,ATL,C,69,8,5,13,-10,41,0.6,6,0,2,0,5,0,0,95,717,10:24,28.0,84,188.0,165.0
801,696,Matt Smaby\smabyma01,23,TBL,D,14,0,0,0,-6,12,-0.3,0,0,0,0,0,0,0,7,170,12:08,12.0,31,0.0,0.0
802,697,Ladislav Smid\smidla01,21,EDM,D,65,0,4,4,-15,58,0.4,0,0,0,0,4,0,0,45,1161,17:52,95.0,92,0.0,0.0
803,698,Jason Smith\smithja01,34,PHI,D,77,1,9,10,-4,86,2.1,1,0,0,0,9,0,0,58,1381,17:56,204.0,142,1.0,0.0
804,699,Mark Smith\smithma01,30,CGY,C,54,1,3,4,-6,59,-0.3,1,0,0,0,3,0,0,27,320,5:56,6.0,44,31.0,26.0
805,700,Nathan Smith\smithna02,25,PIT,C,13,0,0,0,0,2,-0.2,0,0,0,0,0,0,0,3,100,7:41,4.0,14,40.0,35.0
806,701,Wyatt Smith\smithwy01,30,COL,C,25,0,3,3,-4,8,-0.4,0,0,0,0,2,0,1,25,291,11:38,10.0,10,55.0,53.0
807,702,Jerred Smithson\smithje01,28,NSH,C,81,7,9,16,-9,50,0.3,5,0,2,2,5,1,3,61,979,12:05,44.0,128,298.0,274.0
808,703,Bryan Smolinski\smolibr01,36,MTL,C,64,8,17,25,-6,20,1.8,7,1,0,2,11,6,0,89,840,13:08,36.0,45,382.0,356.0
809,704,Jordan Smotherman\lavaljo01,21,ATL,LW,2,1,1,2,2,0,0.4,1,0,0,0,1,0,0,1,23,11:28,0.0,6,0.0,0.0
810,705,Ryan Smyth\smythry01,31,COL,LW,55,14,23,37,-4,50,3.3,12,2,0,3,17,6,0,168,1079,19:37,8.0,31,13.0,20.0
811,706,Vladimir Sobotka\sobotvl01,20,BOS,C,48,1,6,7,1,24,0.1,1,0,0,1,6,0,0,40,424,8:50,10.0,59,118.0,123.0
812,707,Brent Sopel\sopelbr01,31,CHI,D,58,1,19,20,9,28,3.8,1,0,0,0,14,1,4,56,1178,20:18,122.0,35,0.0,0.0
813,708,Sheldon Souray\sourash01,31,EDM,D,26,3,7,10,-7,36,1.5,1,2,0,1,4,3,0,71,633,24:21:00,24.0,29,0.0,0.0
814,709,Jaroslav Spacek\spaceja01,33,BUF,D,60,9,23,32,7,42,5.8,2,7,0,1,8,15,0,95,1379,22:59,75.0,78,0.0,0.0
815,710,Jason Spezza\spezzja01,24,OTT,C,76,34,58,92,26,66,11.6,23,11,0,6,36,22,0,210,1571,20:40,18.0,18,727.0,713.0
816,711,Matthew Spiller\spillma01,24,NYI,D,9,0,1,1,-2,7,0.2,0,0,0,0,0,0,1,6,178,19:47,17.0,11,0.0,0.0
817,712,Martin St. Louis*\stlouma01,32,TBL,RW,82,25,58,83,-23,26,7.6,13,10,2,5,38,19,1,241,1991,24:17:00,45.0,34,3.0,9.0
818,713,Martin St. Pierre\stpiema01,24,CHI,C,5,0,0,0,-3,0,-0.3,0,0,0,0,0,0,0,2,76,15:17,1.0,3,33.0,26.0
819,714,Eric Staal\staaler01,23,CAR,C,82,38,44,82,-2,50,9.4,24,14,0,7,23,21,0,310,1774,21:38,33.0,99,767.0,941.0
820,715,Jordan Staal\staaljo01,19,PIT,C,82,12,16,28,-5,55,1.3,9,3,0,4,11,4,1,183,1498,18:16,57.0,86,507.0,695.0
821,716,Marc Staal\staalma01,21,NYR,D,80,2,8,10,2,42,3.7,2,0,0,0,7,0,1,78,1504,18:48,62.0,124,0.0,0.0
822,717,Drew Stafford\staffdr01,22,BUF,RW,64,16,22,38,3,51,4.2,15,1,0,5,20,2,0,103,866,13:32,20.0,62,8.0,13.0
823,718,Garrett Stafford\staffga01,28,DET,D,2,0,0,0,0,0,0.0,0,0,0,0,0,0,0,1,14,6:45,0.0,1,0.0,0.0
824,719,Steve Staios\staiost01,34,EDM,D,82,7,9,16,-14,121,3.2,6,1,0,0,9,0,0,73,1806,22:01,187.0,81,1.0,0.0
825,720,Matt Stajan\stajama01,24,TOR,C,82,16,17,33,-11,47,1.8,13,2,1,3,11,6,0,127,1550,18:54,47.0,89,614.0,678.0
826,721,Paul Stastny\stastpa01,22,COL,C,66,24,47,71,22,24,8.5,21,3,0,4,28,18,1,138,1391,21:05,31.0,16,561.0,540.0
827,722,Yan Stastny\stastya01,25,STL,C,12,1,1,2,0,9,0.1,1,0,0,0,1,0,0,10,132,10:59,6.0,16,27.0,34.0
828,723,David Steckel\steckda01,25,WSH,C,67,5,7,12,1,34,0.2,5,0,0,1,6,0,1,66,909,13:34,42.0,91,507.0,393.0
829,724,Alex Steen\steenal01,23,TOR,LW,76,15,27,42,0,32,3.5,12,2,1,2,20,7,0,169,1375,18:05,36.0,62,59.0,120.0
830,725,Lee Stempniak\stemple01,24,STL,RW,80,13,25,38,0,40,3.4,10,3,0,2,18,7,0,162,1271,15:53,13.0,103,4.0,7.0
831,726,Brett Sterling\sterlbr01,23,ATL,LW,13,1,2,3,-2,14,0.1,1,0,0,0,2,0,0,14,161,12:24,1.0,6,2.0,1.0
832,727,Anthony Stewart\stewaan01,23,FLA,C,26,0,1,1,-1,0,-0.2,0,0,0,0,1,0,0,21,160,6:08,5.0,14,0.0,0.0
833,728,Greg Stewart\stewagr01,21,MTL,LW,1,0,0,0,0,5,0.0,0,0,0,0,0,0,0,2,11,11:26,0.0,2,0.0,0.0
834,729,Karl Stewart\stewaka01,24,TBL,LW,9,0,0,0,-2,2,-0.1,0,0,0,0,0,0,0,2,37,4:06,1.0,6,0.0,0.0
835,730,Cory Stillman\stillco01,34,TOT,LW,79,24,41,65,-15,24,6.0,13,11,0,6,23,18,0,166,1500,18:59,22.0,69,7.0,10.0
838,731,Jarret Stoll\stollja01,25,EDM,C,81,14,22,36,-23,74,2.0,3,8,3,1,8,13,1,187,1453,17:56,61.0,122,677.0,552.0
839,732,Ryan Stone\stonery01,22,PIT,C,6,0,1,1,-1,5,0.0,0,0,0,0,1,0,0,3,39,6:25,3.0,7,3.0,2.0
840,733,Zack Stortini\stortza01,22,EDM,RW,66,3,9,12,3,201,0.8,3,0,0,0,9,0,0,38,539,8:10,17.0,99,3.0,4.0
841,734,Martin Straka\strakma01,35,NYR,LW,65,14,27,41,5,22,4.2,10,3,1,2,21,6,0,116,1210,18:37,32.0,24,7.0,12.0
842,735,Anton Stralman\stralan01,21,TOR,D,50,3,6,9,-10,18,0.9,3,0,0,0,4,2,0,40,641,12:49,23.0,32,0.0,0.0
843,736,Mark Streit\streima01,30,MTL,D,81,13,49,62,-6,28,8.9,6,7,0,3,22,27,0,165,1419,17:31,62.0,59,0.0,1.0
844,737,Jason Strudwick\strudja01,32,NYR,D,52,1,1,2,0,40,1.3,1,0,0,1,1,0,0,21,673,12:57,42.0,65,0.0,0.0
845,738,Brad Stuart\stuarbr02,28,TOT,D,72,6,17,23,-10,69,3.8,4,2,0,1,9,8,0,132,1523,21:10,95.0,118,0.0,4.0
848,739,Colin Stuart\stuarco01,25,ATL,LW,18,3,2,5,2,6,0.6,2,0,1,1,2,0,0,19,222,12:20,9.0,25,4.0,3.0
849,740,Mark Stuart\stuarma01,23,BOS,D,82,4,4,8,2,81,2.6,4,0,0,1,3,1,0,60,1261,15:22,74.0,99,0.0,0.0
850,741,Jozef Stumpel\stumpjo01,35,FLA,RW,52,7,13,20,-11,10,0.9,4,3,0,1,10,3,0,64,903,17:22,22.0,39,329.0,313.0
851,742,Marco Sturm\sturmma01,29,BOS,LW,80,27,29,56,11,40,6.9,16,10,1,5,16,13,0,229,1440,18:00,25.0,50,7.0,24.0
852,743,Mats Sundin*\sundima01,36,TOR,C,74,32,46,78,17,76,9.8,21,10,1,4,27,19,0,259,1485,20:04,34.0,33,945.0,768.0
853,744,Ryan Suter\suterry01,23,NSH,D,76,7,24,31,3,71,5.8,6,1,0,1,14,10,0,138,1564,20:35,75.0,57,0.0,0.0
854,745,Brian Sutherby\suthebr01,25,TOT,C,50,1,1,2,-4,64,-0.5,1,0,0,0,1,0,0,49,429,8:35,17.0,67,128.0,150.0
857,746,Andy Sutton\suttoan01,32,NYI,D,58,1,7,8,-6,86,1.8,1,0,0,1,6,1,0,57,1053,18:10,99.0,86,0.0,0.0
858,747,Marek Svatos\svatoma01,25,COL,RW,62,26,11,37,13,32,5.7,23,3,0,6,8,3,0,140,847,13:39,7.0,36,1.0,2.0
859,748,Darryl Sydor\sydorda01,35,PIT,D,74,1,12,13,1,26,2.7,0,1,0,0,9,3,0,59,1299,17:33,102.0,36,0.0,0.0
860,749,Petr Sykora\sykorpe01,31,PIT,RW,81,28,35,63,1,41,7.3,13,15,0,4,23,12,0,201,1365,16:51,19.0,26,9.0,6.0
861,750,Jeff Taffe\taffeje01,26,PIT,LW,45,5,7,12,2,8,1.1,4,1,0,1,5,2,0,56,431,9:35,10.0,52,74.0,78.0
862,751,Maxime Talbot\talboma01,23,PIT,C,63,12,14,26,8,53,2.6,10,0,2,1,13,1,0,80,974,15:28,37.0,66,231.0,282.0
863,752,Barry Tallackson\tallaba01,24,NJD,RW,3,0,0,0,0,0,0.0,0,0,0,0,0,0,0,0,21,7:03,0.0,2,0.0,0.0
864,753,Henrik Tallinder\tallihe01,29,BUF,D,71,1,17,18,5,48,3.3,1,0,0,0,14,1,2,70,1494,21:02,117.0,33,0.0,0.0
865,754,Jeff Tambellini\tambeje01,23,NYI,LW,31,1,3,4,-9,8,-0.4,1,0,0,0,3,0,0,43,323,10:25,11.0,19,0.0,0.0
866,755,David Tanabe\tanabda01,27,CAR,D,18,1,2,3,2,8,0.7,1,0,0,0,2,0,0,12,216,11:59,13.0,8,0.0,0.0
867,756,Alex Tanguay\tangual01,28,CGY,LW,78,18,40,58,11,48,6.1,13,3,2,3,27,12,1,121,1463,18:46,24.0,42,7.0,13.0
868,757,Nick Tarnasky\tarnani01,23,TBL,C,80,6,4,10,-15,78,0.0,5,1,0,1,4,0,0,91,660,8:15,45.0,118,4.0,5.0
869,758,Dick Tarnstrom\tarnsdi01,33,TOT,D,48,3,11,14,-11,52,2.0,2,1,0,0,6,5,0,44,930,19:23,71.0,22,0.0,0.0
872,759,Bill Thomas\thomabi01,24,PHX,RW,7,0,0,0,-2,0,-0.2,0,0,0,0,0,0,0,9,92,13:08,2.0,10,0.0,0.0
873,760,Chris Thorburn\thorbch01,24,ATL,RW,73,5,13,18,-4,92,1.2,5,0,0,1,13,0,0,72,652,8:56,19.0,89,12.0,8.0
874,761,Patrick Thoresen\thorepa01,24,TOT,LW,38,2,6,8,-10,14,-0.1,2,0,0,0,6,0,0,39,447,11:45,5.0,42,41.0,59.0
877,762,Joe Thornton\thornjo01,28,SJS,C,82,29,67,96,18,59,11.9,18,11,0,5,41,26,0,178,1754,21:24,31.0,60,784.0,700.0
878,763,Scott Thornton\thornsc01,37,LAK,LW,47,5,3,8,1,39,0.7,5,0,0,1,3,0,0,35,413,8:48,14.0,49,18.0,22.0
879,764,Shawn Thornton\thornsh01,30,BOS,LW,58,4,3,7,-1,74,0.4,4,0,0,1,3,0,0,65,429,7:24,10.0,67,2.0,5.0
880,765,Kimmo Timonen\timonki01,32,PHI,D,80,8,36,44,0,50,7.4,4,3,1,1,9,26,1,125,1886,23:35,129.0,64,0.0,0.0
881,766,Mathias Tjarnqvist\tjarnma01,28,PHX,LW,78,4,7,11,-1,34,-0.2,4,0,0,0,7,0,0,90,1064,13:39,78.0,86,15.0,31.0
882,767,Keith Tkachuk\tkachke01,35,STL,C,79,27,31,58,-2,69,6.9,14,12,1,1,24,7,0,177,1331,16:51,17.0,92,552.0,566.0
883,768,Jiri Tlusty\tlustji01,19,TOR,C,58,10,6,16,-12,14,1.1,8,2,0,2,6,0,0,69,634,10:55,16.0,39,1.0,1.0
884,769,Jonathan Toews\toewsjo01,19,CHI,C,64,24,30,54,11,44,6.8,17,7,0,4,13,15,2,144,1195,18:40,13.0,27,509.0,447.0
885,770,Ole-Kristian Tollefsen\tolleol01,23,CBJ,D,51,2,2,4,-3,111,1.2,1,0,1,0,2,0,0,21,628,12:18,20.0,91,0.0,0.0
886,771,Denis Tolpeko\tolpede01,23,PHI,C,26,1,5,6,-4,24,0.2,1,0,0,0,4,1,0,24,215,8:17,1.0,15,0.0,0.0
887,772,Jordin Tootoo\tootojo01,24,NSH,RW,63,11,7,18,-8,100,1.7,11,0,0,1,7,0,0,98,624,9:54,5.0,64,2.0,2.0
888,773,Raffi Torres\torrera01,26,EDM,LW,32,5,6,11,-4,36,0.6,4,1,0,2,5,1,0,87,544,17:01,10.0,55,13.0,7.0
889,774,Darcy Tucker\tuckeda01,32,TOR,RW,74,18,16,34,-8,100,2.9,11,7,0,3,13,3,0,152,1216,16:26,52.0,126,13.0,12.0
890,775,Lauri Tukonen\tukonla01,21,LAK,RW,1,0,0,0,0,0,0.0,0,0,0,0,0,0,0,1,10,9:48,0.0,1,0.0,0.0
891,776,Kyle Turris\turriky01,18,PHX,C,3,0,1,1,-5,2,-0.2,0,0,0,0,0,1,0,11,59,19:45,3.0,0,17.0,25.0
892,777,Fedor Tyutin\tyutife01,24,NYR,D,82,5,15,20,5,43,5.6,4,1,0,0,9,5,1,131,1676,20:27,112.0,218,0.0,0.0
893,778,R.J. Umberger\umberrj01,25,PHI,C,74,13,37,50,0,19,4.6,9,4,0,3,24,8,5,173,1322,17:52,59.0,64,45.0,72.0
894,779,Scottie Upshall\upshasc01,24,PHI,RW,61,14,16,30,2,74,3.5,11,3,0,1,13,3,0,128,814,13:20,14.0,86,2.0,5.0
895,780,Boris Valabik\valabbo01,21,ATL,D,7,0,0,0,-2,42,-0.1,0,0,0,0,0,0,0,5,117,16:42,11.0,10,0.0,0.0
896,781,Mike Van Ryn\vanrymi01,28,FLA,D,20,0,2,2,-2,14,0.4,0,0,0,0,2,0,0,16,356,17:49,19.0,21,0.0,0.0
897,782,Jim Vandermeer\vandeji01,27,TOT,D,75,3,14,17,6,110,3.8,1,2,0,0,10,1,3,72,1473,19:38,67.0,124,0.0,0.0
901,783,Peter Vandermeer\vandepe01,32,PHX,LW,2,0,0,0,0,0,0.0,0,0,0,0,0,0,0,0,15,7:33,1.0,2,0.0,0.0
902,784,Thomas Vanek\vanekth01,24,BUF,LW,82,36,28,64,-5,64,7.8,17,19,0,9,23,5,0,240,1382,16:51,24.0,45,6.0,7.0
903,785,Josef Vasicek\vasicjo01,27,NYI,C,81,16,19,35,1,53,3.6,14,0,2,2,14,5,0,126,1284,15:51,31.0,75,615.0,489.0
904,786,Stephane Veilleux\veillst01,26,MIN,LW,77,11,7,18,-13,61,0.7,11,0,0,0,6,0,1,136,1119,14:32,25.0,113,17.0,28.0
905,787,Antoine Vermette\vermean01,25,OTT,LW,81,24,29,53,3,51,5.5,17,4,3,3,20,6,3,175,1424,17:35,25.0,49,687.0,524.0
906,788,Kris Versteeg\verstkr01,21,CHI,RW,13,2,2,4,-1,6,0.2,2,0,0,0,2,0,0,21,206,15:52,6.0,15,2.0,1.0
907,789,Vitaly Vishnevski\vishnvi01,27,NJD,D,69,2,5,7,-12,50,1.5,2,0,0,0,4,0,1,48,1072,15:32,82.0,140,0.0,0.0
908,790,Lubomir Visnovsky\visnolu01,31,LAK,D,82,8,33,41,-18,34,5.6,5,3,0,1,13,19,1,153,1886,23:00,118.0,60,1.0,7.0
909,791,Marc-Edouard Vlasic\vlasima01,20,SJS,D,82,2,12,14,-12,24,3.9,1,1,0,0,8,4,0,72,1772,21:37,85.0,24,0.0,0.0
910,792,Anton Volchenkov\volchan01,25,OTT,D,67,1,14,15,14,55,3.2,1,0,0,1,11,0,3,71,1374,20:31,209.0,153,0.0,0.0
911,793,Aaron Voros\vorosaa01,26,MIN,LW,55,7,7,14,-7,141,1.1,7,0,0,1,6,1,0,52,505,9:11,5.0,96,3.0,12.0
912,794,Radim Vrbata\vrbatra01,26,PHX,RW,76,27,29,56,6,14,7.0,17,7,3,5,18,9,2,246,1383,18:12,19.0,13,7.0,12.0
913,795,David Vyborny\vyborda01,33,CBJ,RW,66,7,19,26,-8,34,1.7,5,2,0,0,9,10,0,106,1022,15:29,23.0,36,21.0,36.0
914,796,Steve Wagner\wagnest01,23,STL,D,24,2,6,8,-4,8,1.3,1,1,0,0,4,2,0,25,443,18:29,24.0,36,0.0,0.0
915,797,Matt Walker\walkema01,27,STL,D,43,1,1,2,-3,61,0.9,1,0,0,0,1,0,0,47,684,15:54,41.0,45,0.0,0.0
916,798,Scott Walker\walkesc01,34,CAR,RW,58,14,18,32,-3,115,2.9,8,4,2,4,12,6,0,122,964,16:37,33.0,98,21.0,27.0
917,799,Niclas Wallin\wallini01,32,CAR,D,66,2,6,8,-18,54,0.3,2,0,0,0,6,0,0,60,1197,18:08,91.0,134,0.0,1.0
918,800,Ben Walter\waltebe01,23,NYI,C,8,1,0,1,-1,0,0.1,0,1,0,0,0,0,0,6,49,6:05,2.0,2,10.0,23.0
919,801,Wes Walz\walzwe01,37,MIN,C,11,1,3,4,-5,6,0.1,1,0,0,0,3,0,0,9,152,13:48,8.0,1,62.0,73.0
920,802,Kyle Wanvig\wanviky01,27,TBL,RW,7,1,0,1,-1,7,0.1,1,0,0,1,0,0,0,10,71,10:09,3.0,12,1.0,0.0
921,803,Aaron Ward\wardaa01,35,BOS,D,65,5,8,13,9,54,4.0,5,0,0,3,5,3,0,68,1348,20:45,117.0,141,0.0,0.0
922,804,Jason Ward\wardja01,29,TBL,RW,79,8,6,14,-18,42,0.0,6,1,1,0,5,0,1,85,991,12:33,50.0,46,18.0,27.0
923,805,Rhett Warrener\warrerh01,32,CGY,D,31,1,3,4,-2,21,0.7,1,0,0,0,2,0,1,15,416,13:26,18.0,32,0.0,1.0
924,806,Mike Weaver\weavemi01,29,VAN,D,55,0,1,1,1,33,1.1,0,0,0,0,1,0,0,33,771,14:02,38.0,45,0.0,1.0
925,807,Mike Weber\webermi01,20,BUF,D,16,0,3,3,12,14,1.5,0,0,0,0,3,0,0,12,267,16:41,10.0,43,0.0,0.0
926,808,Shea Weber\webersh01,22,NSH,D,54,6,14,20,-6,49,3.3,1,5,0,2,9,5,0,152,1053,19:30,44.0,115,0.0,0.0
927,809,Doug Weight\weighdo01,37,TOT,C,67,10,15,25,4,32,2.4,8,2,0,1,7,8,0,96,979,14:37,21.0,48,290.0,324.0
930,810,Stephen Weiss\weissst01,24,FLA,C,74,13,29,42,14,40,4.3,9,4,0,4,20,9,0,132,1301,17:35,26.0,26,613.0,585.0
931,811,Noah Welch\welchno01,25,FLA,D,4,0,0,0,1,7,0.1,0,0,0,0,0,0,0,0,32,8:04,2.0,6,0.0,0.0
932,812,Craig Weller\wellecr01,27,PHX,RW,59,3,8,11,-7,80,0.2,3,0,0,1,8,0,0,72,613,10:23,10.0,123,0.0,2.0
933,813,Kyle Wellwood\wellwky01,24,TOR,C,59,8,13,21,-12,0,1.2,3,5,0,1,6,7,0,57,746,12:39,18.0,5,178.0,147.0
934,814,Glen Wesley\weslegl01,39,CAR,D,78,1,7,8,-3,52,1.4,1,0,0,1,6,0,1,63,1255,16:06,110.0,85,0.0,0.0
935,815,Duvie Westcott\westcdu01,30,CBJ,D,23,1,3,4,-10,30,0.2,0,1,0,0,1,2,0,27,378,16:25,14.0,18,0.0,0.0
936,816,Colin White\whiteco01,30,NJD,D,57,2,8,10,-5,26,2.4,2,0,0,1,8,0,0,27,1121,19:40,73.0,106,0.0,0.0
937,817,Ian White\whiteia01,23,TOR,D,81,5,16,21,-9,44,3.1,5,0,0,2,15,1,0,116,1523,18:48,79.0,96,0.0,0.0
938,818,Todd White\whiteto02,32,ATL,C,74,14,23,37,-12,36,2.7,7,6,1,4,18,5,0,111,1364,18:26,37.0,37,536.0,613.0
939,819,Ray Whitney\whitnra01,35,CAR,LW,66,25,36,61,-6,30,6.6,19,6,0,4,12,24,0,204,1250,18:56,23.0,13,3.0,2.0
940,820,Ryan Whitney\whitnry01,24,PIT,D,76,12,28,40,-2,45,6.9,4,7,1,1,13,15,0,119,1706,22:27,117.0,30,0.0,0.0
941,821,Dennis Wideman\widemde01,24,BOS,D,81,13,23,36,11,70,8.2,4,9,0,1,12,11,0,171,2038,25:09:00,108.0,60,0.0,0.0
942,822,Jason Williams\willija01,27,CHI,RW,43,13,23,36,-2,22,4.0,7,6,0,4,10,13,0,101,713,16:35,8.0,27,9.0,6.0
943,823,Jeremy Williams\willije01,24,TOR,RW,18,2,0,2,-3,4,0.1,2,0,0,0,0,0,0,16,132,7:20,6.0,11,0.0,4.0
944,824,Justin Williams\williju01,26,CAR,RW,37,9,21,30,2,43,2.9,7,2,0,0,15,6,0,106,714,19:18,23.0,43,5.0,8.0
945,825,Brian Willsie\willsbr01,29,LAK,RW,53,4,8,12,-8,30,0.4,4,0,0,0,8,0,0,62,563,10:38,13.0,42,14.0,10.0
946,826,Clay Wilson\wilsocl01,24,CBJ,D,7,1,1,2,3,2,0.7,1,0,0,0,0,1,0,12,118,16:55,2.0,2,0.0,0.0
947,827,Brad Winchester\winchbr01,26,DAL,LW,41,1,2,3,-9,46,-0.5,1,0,0,0,2,0,0,36,310,7:34,4.0,57,0.0,2.0
948,828,Jesse Winchester\winchje01,24,OTT,C,1,0,0,0,0,2,0.0,0,0,0,0,0,0,0,1,14,14:00,0.0,1,0.0,0.0
949,829,Daniel Winnik\winnida01,22,PHX,C,79,11,15,26,-3,25,2.1,11,0,0,1,12,1,2,122,1114,14:06,46.0,75,65.0,89.0
950,830,Petteri Wirtanen\wirtape01,21,ANA,C,3,1,0,1,1,2,0.2,1,0,0,1,0,0,0,1,13,4:11,0.0,0,5.0,6.0
951,831,James Wisniewski\wisnija01,23,CHI,D,68,7,19,26,12,103,5.4,5,1,1,0,15,4,0,82,1156,17:00,67.0,113,0.0,0.0
952,832,Brendan Witt\wittbr01,32,NYI,D,59,2,5,7,-8,51,1.9,2,0,0,0,4,0,1,58,1285,21:46,133.0,135,0.0,0.0
953,833,Wojtek Wolski\wolskwo01,21,COL,LW,77,18,30,48,10,14,5.2,14,4,0,6,29,1,0,158,1227,15:56,21.0,54,24.0,24.0
954,834,Jeff Woywitka\woywije01,24,STL,D,27,2,6,8,2,12,1.8,2,0,0,0,6,0,0,25,434,16:04,25.0,15,0.0,0.0
955,835,Andy Wozniewski\woznian01,27,TOR,D,48,2,7,9,5,54,2.1,2,0,0,0,7,0,0,34,680,14:10,56.0,43,0.0,0.0
956,836,Keith Yandle\yandlke01,21,PHX,D,43,5,7,12,-12,14,1.6,1,4,0,0,3,4,0,72,605,14:04,33.0,13,0.0,0.0
957,837,Stephane Yelle\yellest01,33,CGY,C,74,3,9,12,-4,20,-0.2,2,0,1,0,9,0,0,62,884,11:57,30.0,93,190.0,191.0
958,838,Mike York\yorkmi01,30,PHX,LW,63,6,8,14,-8,4,0.6,2,4,0,1,6,2,0,85,755,11:59,17.0,24,104.0,101.0
959,839,Bryan Young\youngbr02,21,EDM,D,2,0,0,0,-1,0,-0.1,0,0,0,0,0,0,0,0,4,2:08,0.0,1,0.0,0.0
960,840,Travis Zajac\zajactr01,22,NJD,C,82,14,20,34,-11,31,2.7,9,5,0,1,11,9,0,155,1372,16:44,15.0,57,528.0,504.0
961,841,Greg Zanon\zanongr01,27,NSH,D,78,0,5,5,-5,24,1.5,0,0,0,0,5,0,0,38,1440,18:28,176.0,160,0.0,0.0
962,842,Richard Zednik\zedniri01,32,FLA,LW,54,15,11,26,-5,43,2.6,9,6,0,5,8,3,0,140,950,17:35,26.0,51,0.0,2.0
963,843,John Zeiler\zeilejo01,25,LAK,RW,36,0,1,1,-6,23,-0.7,0,0,0,0,1,0,0,18,305,8:29,14.0,102,12.0,19.0
964,844,Henrik Zetterberg\zettehe01,27,DET,LW,75,43,49,92,30,34,13.0,26,16,1,7,29,20,0,358,1655,22:04,16.0,31,666.0,543.0
965,845,Nikolai Zherdev\zherdni01,23,CBJ,RW,82,26,35,61,-9,34,6.8,19,7,0,3,19,15,1,254,1589,19:22,18.0,37,12.0,17.0
966,846,Alexei Zhitnik\zhitnal01,35,ATL,D,65,3,5,8,-8,58,1.5,3,0,0,1,2,2,1,79,1236,19:01,52.0,65,0.0,0.0
967,847,Marek Zidlicky\zidlima01,30,NSH,D,79,5,38,43,-5,63,6.3,1,4,0,0,17,21,0,122,1645,20:50,84.0,83,0.0,0.0
968,848,Mike Zigomanis\zigommi01,27,PHX,C,33,2,1,3,-7,6,-0.4,2,0,0,0,1,0,0,35,409,12:24,12.0,26,196.0,132.0
969,849,Ilya Zubov\zubovil01,20,OTT,C,1,0,0,0,0,0,0.0,0,0,0,0,0,0,0,0,15,14:38,0.0,3,2.0,3.0
970,850,Sergei Zubov\zubovse01,37,DAL,D,46,4,31,35,6,12,6.0,2,2,0,0,15,14,2,84,1182,25:42:00,41.0,14,0.0,0.0
971,851,Dainius Zubrus\zubruda01,29,NJD,C,82,13,25,38,2,38,3.7,9,4,0,2,21,4,0,128,1287,15:42,17.0,77,80.0,64.0
972,852,Andrei Zyuzin\zyuzian01,30,CHI,D,32,2,3,5,-11,38,0.2,1,1,0,0,2,1,0,34,479,14:58,35.0,29,0.0,0.0
