09Rk,Player,Age,Tm,Pos,GP,G,A,PTS,+/-,PIM,PS,EV,PP,SH,GW,EV,PP,SH,S,TOI,ATOI,BLK,HIT,FOW,FOL
1,Justin Abdelkader\abdelju01,21,DET,LW,2,0,0,0,0,0,0,0,0,0,0,0,0,0,2,19,9:18,0,3,4,3
2,Craig Adams\adamscr01,31,TOT,RW,45,2,5,7,-3,22,0.1,1,1,0,0,5,0,0,47,391,8:41,20,67,8,13
2,Craig Adams\adamscr01,31,CHI,RW,36,2,4,6,-3,22,0.1,1,1,0,0,4,0,0,38,314,8:43,16,53,6,10
2,Craig Adams\adamscr01,31,PIT,RW,9,0,1,1,0,0,0,0,0,0,0,1,0,0,9,77,8:34,4,14,2,3
3,Maxim Afinogenov\afinoma01,29,BUF,RW,48,6,14,20,-7,20,1.4,6,0,0,0,7,7,0,93,605,12:36,11,20,0,3
4,Andrew Alberts\alberan01,27,PHI,D,79,1,12,13,6,61,2.7,1,0,0,0,11,0,1,46,1248,15:48,133,157,0,0
5,Daniel Alfredsson\alfreda01,36,OTT,RW,79,24,50,74,7,24,8.1,15,8,1,3,27,20,3,204,1649,20:53,33,57,4,13
6,Bryan Allen\allenbr01,28,FLA,D,2,0,1,1,2,0,0.3,0,0,0,0,1,0,0,5,54,27:11:00,7,5,0,0
7,Karl Alzner\alzneka01,20,WSH,D,30,1,4,5,-1,2,0.9,1,0,0,0,4,0,0,31,583,19:25,54,23,0,0
8,Artem Anisimov\anisiar01,20,NYR,C,1,0,0,0,0,0,0,0,0,0,0,0,0,0,1,9,9:27,0,0,2,3
9,Nik Antropov\antroni01,28,TOT,RW,81,28,31,59,-14,30,5.9,20,8,0,4,21,9,1,224,1392,17:11,37,112,80,117
9,Nik Antropov\antroni01,28,TOR,RW,63,21,25,46,-13,24,4.3,15,6,0,2,17,7,1,171,1085,17:13,31,80,80,113
9,Nik Antropov\antroni01,28,NYR,RW,18,7,6,13,-1,6,1.6,5,2,0,2,4,2,0,53,308,17:05,6,32,0,4
10,Colby Armstrong\armstco01,26,ATL,RW,82,22,18,40,5,75,4.3,19,3,0,2,17,1,0,141,1243,15:09,23,88,8,20
11,Derek Armstrong\armstde01,35,LAK,C,56,5,4,9,-11,63,0.4,4,1,0,1,4,0,0,42,475,8:29,11,85,115,125
12,Riley Armstrong\armstri01,24,SJS,RW,2,0,0,0,-1,2,-0.1,0,0,0,0,0,0,0,1,15,7:26,1,1,0,0
13,Tyler Arnason\arnasty01,29,COL,C,71,5,17,22,-16,14,0.8,3,2,0,1,16,1,0,108,945,13:19,15,6,332,389
14,Jason Arnott\arnotja01,34,NSH,C,65,33,24,57,2,49,7.5,24,9,0,5,16,8,0,196,1229,18:55,18,34,525,512
15,Evgeny Artyukhin\artyuev01,25,TBL,RW,73,6,10,16,1,151,0.9,5,1,0,0,9,1,0,100,779,10:40,16,249,0,2
16,Arron Asham\ashamar01,30,PHI,RW,78,8,12,20,0,155,1.7,8,0,0,1,12,0,0,74,682,8:45,10,143,7,8
17,Adrian Aucoin\aucoiad01,35,CGY,D,81,10,24,34,-8,46,5.4,7,3,0,3,14,9,1,126,1806,22:18,55,61,0,0
18,Keith Aucoin\aucoike01,30,WSH,C,12,2,4,6,5,4,0.8,1,1,0,0,4,0,0,15,124,10:19,2,4,33,50
19,Sean Avery\averyse01,28,TOT,LW,41,8,14,22,6,111,2.3,6,2,0,0,11,3,0,99,646,15:45,7,89,9,9
19,Sean Avery\averyse01,28,DAL,LW,23,3,7,10,2,77,0.8,3,0,0,0,4,3,0,49,345,14:59,3,44,5,7
19,Sean Avery\averyse01,28,NYR,LW,18,5,7,12,4,34,1.5,3,2,0,0,7,0,0,50,301,16:44,4,45,4,2
20,P.J. Axelsson\axelspj01,33,BOS,LW,75,6,24,30,-1,16,1.4,4,2,0,0,15,9,0,87,1217,16:14,31,55,16,30
21,Anton Babchuk\babchan01,24,CAR,D,72,16,19,35,13,16,7.9,7,9,0,4,13,6,0,127,1301,18:04,115,22,0,0
22,David Backes\backeda01,24,STL,RW,82,31,23,54,-3,165,6.6,23,6,2,1,17,5,1,208,1451,17:41,52,204,212,265
23,Mikael Backlund\backlmi01,19,CGY,C,1,0,0,0,0,0,0,0,0,0,0,0,0,0,1,11,10:44,0,0,2,5
24,Christian Backman\backmch01,28,CBJ,D,56,2,5,7,5,32,2.2,1,1,0,1,4,1,0,54,877,15:39,53,40,0,1
25,Nicklas Backstrom\backsni02,21,WSH,C,82,22,66,88,16,46,9.2,8,14,0,1,38,28,0,174,1635,19:57,46,52,570,601
26,Josh Bailey\bailejo01,19,NYI,C,68,7,18,25,-14,16,1,4,3,0,0,10,8,0,74,1053,15:29,43,47,332,475
27,Keith Ballard\ballake01,26,FLA,D,82,6,28,34,14,72,6.9,5,1,0,1,23,4,1,106,1835,22:23,136,172,0,1
28,Krys Barch\barchkr01,28,DAL,RW,72,4,5,9,1,133,0.5,4,0,0,1,5,0,0,27,465,6:27,14,123,2,5
29,Cam Barker\barkeca01,22,CHI,D,68,6,34,40,-6,65,5.2,1,5,0,1,9,24,1,101,1247,18:20,42,83,0,1
30,Cody Bass\bassco01,22,OTT,C,12,0,0,0,-2,15,-0.2,0,0,0,0,0,0,0,5,68,5:41,2,25,21,29
31,Ryan Bayda\baydary01,28,CAR,LW,70,5,7,12,2,26,0.6,5,0,0,0,7,0,0,62,732,10:27,46,82,8,10
32,Jay Beagle\beaglja01,23,WSH,C,3,0,0,0,-3,2,-0.2,0,0,0,0,0,0,0,5,23,7:36,0,5,5,8
33,Francois Beauchemin\beaucfr01,28,ANA,D,20,4,1,5,-3,12,1.1,4,0,0,2,0,1,0,45,498,24:54:00,25,26,0,0
34,Steve Begin\beginst01,30,TOT,LW,62,7,5,12,-6,42,0.6,7,0,0,1,5,0,0,90,665,10:43,38,185,65,68
34,Steve Begin\beginst01,30,MTL,LW,42,6,4,10,-5,27,0.7,6,0,0,1,4,0,0,65,456,10:51,26,119,42,36
34,Steve Begin\beginst01,30,DAL,LW,20,1,1,2,-1,15,-0.1,1,0,0,0,1,0,0,25,209,10:26,12,66,23,32
35,Wade Belak\belakwa01,32,TOT,RW,53,0,2,2,-1,79,-0.3,0,0,0,0,2,0,0,19,278,5:15,6,57,0,0
35,Wade Belak\belakwa01,32,NSH,RW,38,0,2,2,-1,54,-0.2,0,0,0,0,2,0,0,15,212,5:35,6,37,0,0
35,Wade Belak\belakwa01,32,FLA,RW,15,0,0,0,0,25,-0.1,0,0,0,0,0,0,0,4,66,4:25,0,20,0,0
36,Eric Belanger\belaner01,31,MIN,C,79,13,23,36,-5,26,3,9,4,0,4,12,9,2,147,1409,17:50,48,45,626,579
37,Matt Beleskey\belesma01,20,ANA,LW,2,0,0,0,0,0,0,0,0,0,0,0,0,0,0,22,11:10,0,0,0,2
38,Brendan Bell\bellbr02,25,OTT,D,53,6,15,21,-5,24,3.7,1,5,0,1,5,10,0,76,940,17:44,36,29,0,0
39,Sean Bentivoglio\bentise01,23,NYI,LW,1,0,0,0,0,2,0,0,0,0,0,0,0,0,2,12,11:31,0,1,0,1
40,Sean Bergenheim\bergese01,24,NYI,LW,59,15,9,24,-2,64,2.6,11,0,4,5,9,0,0,152,841,14:15,32,83,9,13
41,Marc-Andre Bergeron\bergema02,28,MIN,D,72,14,18,32,5,30,7.4,7,7,0,3,7,11,0,140,1217,16:54,68,30,0,0
42,Patrice Bergeron\bergepa01,23,BOS,C,64,8,31,39,2,16,2.8,6,1,1,1,16,13,2,155,1151,17:59,42,57,549,456
43,Niclas Bergfors\bergfni01,21,NJD,RW,8,1,0,1,-1,0,0.1,1,0,0,0,0,0,0,6,46,5:48,0,0,0,0
44,Patrik Berglund\berglpa01,20,STL,C,76,21,26,47,19,16,6.2,14,7,0,1,11,15,0,143,1119,14:43,14,58,215,325
45,Steve Bernier\bernist01,23,VAN,RW,81,15,17,32,4,27,3,13,2,0,4,12,5,0,137,1121,13:50,41,145,5,16
46,Todd Bertuzzi\bertuto01,33,CGY,LW,66,15,29,44,-13,74,3.3,9,6,0,4,19,10,0,127,1228,18:36,20,59,21,24
47,Blair Betts\bettsbl01,28,NYR,C,81,6,4,10,-5,16,0.2,4,0,2,1,3,0,1,83,860,10:37,51,93,436,448
48,Kevin Bieksa\biekske01,27,VAN,D,72,11,32,43,-4,97,6.7,6,5,0,2,10,20,2,153,1691,23:29,59,112,0,0
49,Paul Bissonnette\bissopa01,23,PIT,LW,15,0,1,1,-1,22,0,0,0,0,0,1,0,0,4,53,3:31,0,15,0,0
50,Byron Bitz\bitzby01,24,BOS,RW,35,4,3,7,0,18,0.5,4,0,0,0,2,1,0,31,363,10:22,15,71,21,29
51,Jason Blake\blakeja01,35,TOR,LW,78,25,38,63,-2,40,6.2,19,5,1,5,24,13,1,302,1431,18:21,27,54,36,41
52,Rob Blake*\blakero01,39,SJS,D,73,10,35,45,15,110,9,4,6,0,1,19,16,0,198,1553,21:16,114,66,0,0
53,Brandon Bochenski\bochebr01,26,TBL,RW,7,0,1,1,-3,2,-0.2,0,0,0,0,1,0,0,11,76,10:47,3,3,0,0
54,Troy Bodie\bodietr01,24,ANA,RW,4,0,0,0,0,0,-0.1,0,0,0,0,0,0,0,5,33,8:09,0,6,1,1
55,Mikkel Boedker\boedkmi01,19,PHX,LW,78,11,17,28,-6,18,1.8,9,2,0,3,17,0,0,116,1212,15:32,9,76,1,7
56,Zach Bogosian\bogosza01,18,ATL,D,47,9,10,19,11,47,4.2,6,2,1,1,7,3,0,90,851,18:06,50,67,0,0
57,Alexandre Bolduc\boldual01,23,VAN,C,7,0,1,1,1,4,0.1,0,0,0,0,1,0,0,7,51,7:20,0,4,5,8
58,Jared Boll\bollja01,22,CBJ,RW,75,4,10,14,-6,180,0.5,3,1,0,0,9,1,0,73,667,8:54,13,153,0,4
59,Dave Bolland\bollada01,22,CHI,C,81,19,28,47,19,52,5.1,15,2,2,4,25,1,2,111,1333,16:27,40,67,521,655
60,Radek Bonk\bonkra01,33,NSH,C,66,9,16,25,-12,34,1.4,3,6,0,2,12,3,1,102,1019,15:27,28,58,450,301
61,Derek Boogaard\boogade01,26,MIN,LW,51,0,3,3,3,87,0.1,0,0,0,0,3,0,0,13,255,5:00,4,62,0,0
62,David Booth\boothda01,24,FLA,LW,72,31,29,60,10,38,7.7,20,11,0,5,23,5,1,246,1231,17:05,20,91,7,10
63,Casey Borer\borerca01,23,CAR,D,3,0,0,0,0,5,0,0,0,0,0,0,0,0,0,33,11:05,5,3,0,0
64,Pierre-Marc Bouchard\bouchpi02,24,MIN,LW,71,16,30,46,-5,20,4.7,14,2,0,1,16,14,0,142,1205,16:59,12,7,11,8
65,Philippe Boucher\bouchph01,35,TOT,D,41,3,6,9,6,39,2.3,3,0,0,0,3,3,0,66,824,20:07,95,81,0,0
65,Philippe Boucher\bouchph01,35,PIT,D,25,3,3,6,10,24,2,3,0,0,0,0,3,0,37,477,19:05,56,50,0,0
65,Philippe Boucher\bouchph01,35,DAL,D,16,0,3,3,-4,15,0.3,0,0,0,0,3,0,0,29,348,21:43,39,31,0,0
66,Francis Bouillon\bouilfr01,33,MTL,D,54,5,4,9,-7,53,1.7,5,0,0,1,3,0,1,51,891,16:30,55,122,0,0
67,Jesse Boulerice\bouleje01,30,EDM,RW,2,0,0,0,0,0,0,0,0,0,0,0,0,0,0,7,3:43,0,0,0,0
68,Eric Boulton\boulter01,32,ATL,LW,76,3,10,13,-3,176,0.4,3,0,0,0,10,0,0,71,574,7:33,13,77,1,3
69,Chris Bourque\bourqch01,23,WSH,LW,8,1,0,1,0,0,0.1,1,0,0,0,0,0,0,11,78,9:46,2,8,0,0
70,Rene Bourque\bourqre01,27,CGY,LW,58,21,19,40,18,70,5.3,20,0,1,0,18,1,0,149,933,16:05,30,79,9,9
71,Jay Bouwmeester\bouwmja01,25,FLA,D,82,15,27,42,-2,68,7.7,6,9,0,2,15,11,1,182,2213,26:59:00,128,115,0,0
72,Johnny Boychuk\boychjo01,25,BOS,D,1,0,0,0,0,0,0,0,0,0,0,0,0,0,0,15,14:48,1,3,0,0
73,Zach Boychuk\boychza01,19,CAR,C,2,0,0,0,0,0,0,0,0,0,0,0,0,0,0,24,12:03,0,4,0,1
74,Dustin Boyd\boyddu01,22,CGY,C,71,11,11,22,-11,10,1.3,9,1,1,3,8,2,1,74,914,12:52,29,43,215,253
75,Brad Boyes\boyesbr01,26,STL,RW,82,33,39,72,-20,26,7.9,17,16,0,11,20,19,0,220,1570,19:08,20,49,155,160
76,Brian Boyle\boylebr01,24,LAK,C,28,4,1,5,-9,42,0.2,4,0,0,1,1,0,0,36,284,10:08,8,66,102,123
77,Dan Boyle\boyleda01,32,SJS,D,77,16,41,57,6,52,10.6,8,8,0,4,16,24,1,213,1908,24:46:00,95,51,0,1
78,Nick Boynton\boyntni01,30,FLA,D,68,5,16,21,7,91,4.2,5,0,0,1,13,3,0,104,1129,16:36,97,52,0,0
79,Matt Bradley\bradlma01,30,WSH,RW,81,5,6,11,-1,59,0,5,0,0,1,6,0,0,98,859,10:37,16,115,10,14
80,Donald Brashear\brashdo01,37,WSH,LW,63,1,3,4,-6,121,-0.7,1,0,0,1,3,0,0,43,520,8:15,8,119,0,0
81,Derick Brassard\brassde01,21,CBJ,C,31,10,15,25,12,17,3.4,7,3,0,1,11,4,0,59,447,14:25,3,40,161,171
82,Tim Brent\brentti01,24,CHI,C,2,0,0,0,0,2,0,0,0,0,0,0,0,0,0,17,8:21,1,4,5,5
83,Eric Brewer\breweer01,29,STL,D,28,1,5,6,-14,24,0.6,0,1,0,0,3,2,0,49,703,25:07:00,57,40,0,0
84,Daniel Briere\brierda01,31,PHI,C,29,11,14,25,-1,26,3,7,4,0,0,8,6,0,54,454,15:39,6,13,68,79
85,Rod Brind'Amour\brindro01,38,CAR,C,80,16,35,51,-23,36,3.6,9,6,1,1,16,18,1,135,1518,18:58,35,76,908,580
86,Patrice Brisebois\brisepa01,38,MTL,D,62,5,13,18,-3,19,3.1,1,4,0,1,10,3,0,68,986,15:54,69,45,0,0
87,Kyle Brodziak\brodzky01,24,EDM,C,79,11,16,27,4,21,2.2,9,1,1,3,14,1,1,99,1005,12:43,55,60,489,458
88,Sheldon Brookbank\brooksh01,28,TOT,D,44,1,3,4,4,76,1.3,1,0,0,0,3,0,0,30,534,12:08,22,37,0,0
88,Sheldon Brookbank\brooksh01,28,ANA,D,29,1,3,4,3,51,1.1,1,0,0,0,3,0,0,24,401,13:50,14,26,0,0
88,Sheldon Brookbank\brooksh01,28,NJD,D,15,0,0,0,1,25,0.2,0,0,0,0,0,0,0,6,133,8:51,8,11,0,0
89,Wade Brookbank\brookwa01,31,CAR,LW,27,1,0,1,0,40,0.1,1,0,0,0,0,0,0,8,67,2:30,6,15,0,0
90,Troy Brouwer\brouwtr01,23,CHI,RW,69,10,16,26,7,50,2,5,4,1,0,12,4,0,126,1041,15:05,19,125,9,11
91,Dustin Brown\browndu01,24,LAK,RW,80,24,29,53,-15,64,5.4,17,7,0,6,18,11,0,292,1552,19:24,22,285,25,29
92,Mike Brown\brownmi02,23,TOT,RW,48,2,2,4,-7,145,-0.4,2,0,0,2,2,0,0,44,391,8:08,12,85,0,6
92,Mike Brown\brownmi02,23,ANA,RW,28,2,1,3,-2,60,-0.1,2,0,0,2,1,0,0,38,281,10:02,9,55,0,4
92,Mike Brown\brownmi02,23,VAN,RW,20,0,1,1,-5,85,-0.3,0,0,0,0,1,0,0,6,110,5:29,3,30,0,2
93,Gilbert Brule\brulegi01,22,EDM,C,11,2,1,3,-3,12,0.2,2,0,0,1,1,0,0,13,109,9:52,6,14,4,1
94,Andrew Brunette\brunean01,35,MIN,LW,80,22,28,50,-5,18,5.5,13,9,0,3,19,9,0,118,1356,16:57,13,22,2,7
95,Fabian Brunnstrom\brunnfa01,23,DAL,LW,55,17,12,29,-8,8,3.3,13,4,0,5,10,2,0,81,639,11:37,12,24,0,0
96,Adam Burish\burisad01,26,CHI,RW,66,6,3,9,3,93,0.5,6,0,0,2,3,0,0,83,608,9:12,37,46,49,75
97,Brent Burns\burnsbr01,23,MIN,D,59,8,19,27,-7,45,5.5,4,4,0,2,9,10,0,147,1323,22:25,62,58,3,2
98,Alexandre Burrows\burroal01,27,VAN,LW,82,28,23,51,23,150,6.6,24,0,4,3,22,0,1,175,1382,16:51,38,67,37,43
99,Chris Butler\butlech01,22,BUF,D,47,2,4,6,11,18,2.5,2,0,0,1,4,0,0,36,786,16:43,60,37,0,0
100,Dustin Byfuglien\byfugdu01,23,CHI,RW,77,15,16,31,7,81,2.9,12,3,0,4,12,4,0,202,1145,14:52,23,169,2,9
101,Kyle Calder\caldeky01,30,LAK,LW,74,8,19,27,-1,41,2.3,6,2,0,1,17,2,0,93,974,13:10,7,55,1,2
102,Joe Callahan\callajo02,26,NYI,D,18,0,2,2,5,4,0.9,0,0,0,0,2,0,0,6,270,15:00,22,39,0,1
103,Ryan Callahan\callary01,23,NYR,RW,81,22,18,40,7,45,4.7,19,2,1,1,16,2,0,237,1382,17:04,32,265,7,3
104,Mike Cammalleri\cammami01,26,CGY,LW,81,39,43,82,-2,44,9.8,20,19,0,6,28,15,0,255,1422,17:33,18,21,217,143
105,Brian Campbell\campbbr02,29,CHI,D,82,7,45,52,5,22,7.8,3,4,0,1,25,20,0,108,1851,22:34,72,34,0,0
106,Gregory Campbell\campbgr01,25,FLA,C,77,13,19,32,0,76,2.3,12,1,0,1,17,1,1,135,1292,16:47,82,202,509,509
107,Chris Campoli\campoch01,24,TOT,D,76,11,19,30,-16,55,4.8,8,2,1,4,9,9,1,91,1485,19:32,86,81,0,0
107,Chris Campoli\campoch01,24,NYI,D,51,6,11,17,-20,43,2,5,0,1,2,6,5,0,53,1011,19:50,58,56,0,0
107,Chris Campoli\campoch01,24,OTT,D,25,5,8,13,4,12,2.9,3,2,0,2,3,4,1,38,474,18:58,28,25,0,0
108,Luca Caputi\caputlu01,20,PIT,LW,5,1,0,1,-1,4,0.1,1,0,0,0,0,0,0,7,51,10:16,0,3,0,0
109,Daniel Carcillo\carcida01,24,TOT,LW,74,3,11,14,-15,254,-0.3,1,2,0,0,10,1,0,130,852,11:31,20,151,12,8
109,Daniel Carcillo\carcida01,24,PHX,LW,54,3,7,10,-13,174,-0.2,1,2,0,0,6,1,0,95,647,11:59,13,121,10,8
109,Daniel Carcillo\carcida01,24,PHI,LW,20,0,4,4,-2,80,-0.1,0,0,0,0,4,0,0,35,205,10:16,7,30,2,0
110,Matt Carkner\carknma01,28,OTT,RW,1,0,0,0,0,0,0,0,0,0,0,0,0,0,0,4,4:08,0,2,0,0
111,Matt Carle\carlema01,24,TOT,D,76,5,21,26,3,22,4.6,5,0,0,2,13,8,0,85,1626,21:24,142,38,0,0
111,Matt Carle\carlema01,24,PHI,D,64,4,20,24,2,16,4,4,0,0,2,12,8,0,72,1363,21:17,115,34,0,0
111,Matt Carle\carlema01,24,TBL,D,12,1,1,2,1,6,0.6,1,0,0,0,1,0,0,13,264,21:58,27,4,0,0
112,Brett Carson\carsobr01,23,CAR,D,5,0,0,0,-3,4,-0.1,0,0,0,0,0,0,0,2,79,15:44,5,6,0,0
113,Jeff Carter\carteje01,24,PHI,C,82,46,38,84,23,68,11.7,29,13,4,12,27,11,0,342,1718,20:57,53,54,833,892
114,Ryan Carter\cartery01,25,ANA,C,48,3,6,9,3,52,0.6,3,0,0,1,5,1,0,40,437,9:06,9,67,146,158
115,Tom Cavanagh\cavanto01,26,SJS,C,17,1,1,2,-2,4,0,1,0,0,0,1,0,0,9,131,7:44,5,4,26,31
116,Zdeno Chara\charazd01,31,BOS,D,80,19,31,50,23,95,10.5,8,11,0,3,12,17,2,216,2085,26:04:00,121,166,1,3
117,Jonathan Cheechoo\cheecjo01,28,SJS,RW,66,12,17,29,-3,59,2.5,6,5,1,4,13,4,0,152,1011,15:19,18,107,1,3
118,Chris Chelios*\chelich01,47,DET,D,28,0,0,0,1,18,0.2,0,0,0,0,0,0,0,14,327,11:40,12,22,0,0
119,Jason Chimera\chimeja01,29,CBJ,LW,49,8,14,22,8,41,2.1,7,1,0,1,13,1,0,115,796,16:15,11,61,18,24
120,Kyle Chipchura\chipcky01,22,MTL,C,13,0,3,3,-6,5,-0.2,0,0,0,0,3,0,0,5,134,10:18,3,8,47,60
121,Taylor Chorney\chornta01,21,EDM,D,2,0,0,0,-4,0,-0.3,0,0,0,0,0,0,0,0,31,15:43,6,0,0,0
122,Erik Christensen\chriser01,25,TOT,C,64,7,21,28,-9,20,1.6,5,2,0,0,16,5,0,122,873,13:39,6,19,277,220
122,Erik Christensen\chriser01,25,ATL,C,47,5,14,19,-7,14,0.9,4,1,0,0,11,3,0,90,671,14:16,6,17,233,194
122,Erik Christensen\chriser01,25,ANA,C,17,2,7,9,-2,6,0.7,1,1,0,0,5,2,0,32,203,11:55,0,2,44,26
123,Kris Chucko\chuckkr01,22,CGY,RW,2,0,0,0,0,2,0,0,0,0,0,0,0,0,0,14,7:02,0,1,0,1
124,Brett Clark\clarkbr01,32,COL,D,76,2,10,12,-16,32,2.7,2,0,0,1,8,2,0,97,1697,22:20,238,73,0,0
125,Chris Clark\clarkch01,32,WSH,RW,32,1,5,6,-3,32,-0.1,1,0,0,0,4,1,0,36,370,11:34,7,49,3,3
126,David Clarkson\clarkda03,24,NJD,RW,82,17,15,32,-1,164,3.2,13,4,0,3,13,2,0,158,988,12:03,13,134,2,5
127,Dan Cleary\clearda01,30,DET,RW,74,14,26,40,0,46,3,11,3,0,3,23,3,0,163,1253,16:56,36,107,67,54
128,Ryane Clowe\clowery01,26,SJS,LW,71,22,30,52,8,51,5.9,11,11,0,1,17,13,0,161,1262,17:47,22,135,49,71
129,Cal Clutterbuck\cluttca01,21,MIN,RW,78,11,7,18,-5,76,1.5,10,1,0,1,7,0,0,136,1014,13:00,39,356,2,15
130,Braydon Coburn\coburbr01,23,PHI,D,80,7,21,28,7,97,5.5,4,3,0,0,11,8,2,130,1970,24:37:00,129,146,0,0
131,Andrew Cogliano\coglian01,21,EDM,C,82,18,20,38,-6,22,3.3,14,4,0,4,15,5,0,116,1181,14:24,39,57,261,441
132,Carlo Colaiacovo\colaica01,26,TOT,D,73,3,27,30,0,35,5.1,3,0,0,0,7,20,0,87,1333,18:16,82,64,0,0
132,Carlo Colaiacovo\colaica01,26,STL,D,63,3,26,29,2,29,5.1,3,0,0,0,7,19,0,78,1164,18:29,69,54,0,0
132,Carlo Colaiacovo\colaica01,26,TOR,D,10,0,1,1,-2,6,0,0,0,0,0,0,1,0,9,169,16:52,13,10,0,0
133,Erik Cole\coleer01,30,TOT,LW,80,18,24,42,0,73,3.6,13,5,0,1,20,4,0,178,1409,17:37,43,180,20,29
133,Erik Cole\coleer01,30,EDM,LW,63,16,11,27,-3,63,2.3,11,5,0,1,9,2,0,145,1076,17:05,33,134,19,29
133,Erik Cole\coleer01,30,CAR,LW,17,2,13,15,3,10,1.3,2,0,0,0,11,2,0,33,333,19:36,10,46,1,0
134,Sean Collins\collise01,25,WSH,D,15,1,1,2,1,12,0.5,1,0,0,0,1,0,0,14,218,14:32,15,11,0,0
135,Jeremy Colliton\collije01,24,NYI,C,6,0,1,1,-2,2,-0.1,0,0,0,0,1,0,0,4,66,11:03,5,18,45,25
136,Blake Comeau\comeabl01,22,NYI,LW,53,7,18,25,-17,32,1.2,5,2,0,0,11,7,0,78,863,16:17,18,90,14,31
137,Mike Commodore\commomi01,29,CBJ,D,81,5,19,24,11,100,5.6,5,0,0,0,17,2,0,103,1854,22:54,162,201,2,1
138,Mike Comrie\comrimi01,28,TOT,C,63,10,17,27,-15,32,1.7,8,2,0,1,12,4,1,121,989,15:42,34,39,171,246
138,Mike Comrie\comrimi01,28,NYI,C,41,7,13,20,-8,26,1.4,5,2,0,0,10,2,1,80,675,16:28,22,27,161,229
138,Mike Comrie\comrimi01,28,OTT,C,22,3,4,7,-7,6,0.3,3,0,0,1,2,2,0,41,314,14:17,12,12,10,17
139,Tim Conboy\conboti01,26,CAR,RW,28,0,1,1,-1,37,-0.2,0,0,0,0,1,0,0,13,150,5:21,2,20,0,0
140,Chris Conner\connech01,25,DAL,RW,38,3,10,13,-5,10,0.7,3,0,0,1,9,1,0,34,415,10:56,5,37,0,1
141,Tim Connolly\connoti01,27,BUF,C,48,18,29,47,12,22,5.7,12,5,1,5,16,13,0,126,918,19:07,37,17,229,315
142,Craig Conroy\conrocr01,37,CGY,C,82,12,36,48,20,28,4.7,11,0,1,1,35,0,1,104,1261,15:22,49,42,722,645
143,Matt Cooke\cookema01,30,PIT,LW,76,13,18,31,0,101,2.5,13,0,0,1,17,1,0,86,1080,14:13,37,262,7,12
144,Joe Corvo\corvojo01,31,CAR,D,81,14,24,38,-1,18,7.7,5,8,1,6,10,14,0,213,1970,24:19:00,89,41,0,0
145,Riley Cote\coteri01,26,PHI,LW,63,0,3,3,-7,174,-0.5,0,0,0,0,3,0,0,24,262,4:10,4,51,0,0
146,Joey Crabb\crabbjo01,25,ATL,RW,29,4,5,9,-2,28,0.6,3,0,1,1,5,0,0,33,354,12:13,15,54,13,20
147,Ryan Craig\craigry01,27,TBL,C,54,2,4,6,-7,60,-0.5,2,0,0,0,4,0,0,64,555,10:16,29,60,110,112
148,B.J. Crombeen\crombbj01,23,TOT,RW,81,12,10,22,-9,148,1.6,11,0,1,3,8,2,0,124,1031,12:43,14,87,3,4
148,B.J. Crombeen\crombbj01,23,STL,RW,66,11,6,17,-8,122,1.2,10,0,1,3,5,1,0,112,907,13:45,12,74,3,4
148,B.J. Crombeen\crombbj01,23,DAL,RW,15,1,4,5,-1,26,0.4,1,0,0,0,3,1,0,12,124,8:14,2,13,0,0
149,Sidney Crosby\crosbsi01,21,PIT,C,77,33,70,103,3,76,11.1,26,7,0,3,36,33,1,238,1690,21:57,42,80,829,786
150,Matt Cullen\cullema01,32,CAR,C,69,22,21,43,11,20,5.3,16,4,2,2,15,3,3,139,1159,16:48,44,41,457,427
151,Jassen Cullimore\cullija01,36,FLA,D,68,2,8,10,-10,37,1.4,2,0,0,0,7,1,0,52,1142,16:48,62,58,0,0
152,Kyle Cumiskey\cumisky01,22,COL,D,6,0,0,0,-2,0,-0.1,0,0,0,0,0,0,0,2,51,8:32,3,2,0,0
153,Matt D'Agostini\dagosma01,22,MTL,RW,53,12,9,21,-17,16,1.6,9,3,0,1,7,2,0,116,711,13:25,26,48,3,6
154,Trevor Daley\daleytr01,25,DAL,D,75,7,18,25,2,73,5,7,0,0,2,16,1,1,104,1650,22:00,98,30,0,1
155,Mathieu Dandenault\dandema01,32,MTL,RW,41,4,8,12,7,17,1.1,4,0,0,0,6,1,1,46,482,11:45,29,42,2,3
156,Pavel Datsyuk\datsypa01,30,DET,C,81,32,65,97,34,22,11.5,20,11,1,3,39,25,1,248,1556,19:13,33,75,621,489
157,Patrick Davis\davispa01,22,NJD,LW,1,0,0,0,0,0,0,0,0,0,0,0,0,0,0,5,4:30,0,1,0,0
158,Rob Davison\davisro01,28,VAN,D,23,0,2,2,-4,51,0.1,0,0,0,0,2,0,0,15,232,10:05,12,28,0,0
159,Nigel Dawes\dawesni01,23,TOT,LW,64,10,11,21,-6,15,1.7,7,3,0,4,10,1,0,115,848,13:15,25,84,0,0
159,Nigel Dawes\dawesni01,23,NYR,LW,52,10,9,19,-2,15,2,7,3,0,4,8,1,0,96,679,13:03,19,73,0,0
159,Nigel Dawes\dawesni01,23,PHX,LW,12,0,2,2,-4,0,-0.2,0,0,0,0,2,0,0,19,170,14:09,6,11,0,0
160,Greg de Vries\devrigr01,36,NSH,D,71,1,4,5,-15,65,0.8,1,0,0,0,4,0,0,38,1074,15:08,73,58,0,0
161,Pavol Demitra\demitpa01,34,VAN,C,69,20,33,53,6,20,5.6,16,4,0,1,21,12,0,143,1206,17:29,31,21,130,109
162,Andre Deveaux\deveaan01,24,TOR,C,21,0,1,1,-3,75,-0.3,0,0,0,0,1,0,0,15,152,7:14,10,44,2,5
163,Boyd Devereaux\deverbo01,30,TOR,C,23,6,5,11,3,2,1.3,3,0,3,0,5,0,0,41,315,13:42,18,21,4,5
164,Shane Doan\doansh01,32,PHX,RW,82,31,42,73,5,72,8.3,21,10,0,4,25,15,2,230,1660,20:15,32,188,159,201
165,Shean Donovan\donovsh01,34,OTT,RW,65,5,5,10,-2,34,0.7,5,0,0,1,5,0,0,58,509,7:50,17,20,4,5
166,Derek Dorsett\dorsede01,22,CBJ,RW,52,4,1,5,-1,150,0.1,4,0,0,1,1,0,0,59,462,8:53,15,116,4,5
167,Drew Doughty\doughdr01,19,LAK,D,81,6,21,27,-17,56,5.3,3,3,0,1,8,13,0,126,1930,23:50,114,90,0,0
168,Jake Dowell\dowelja01,23,CHI,C,1,0,0,0,1,2,0,0,0,0,0,0,0,0,0,14,13:37,0,2,8,4
169,Aaron Downey\downeaa01,34,DET,RW,4,1,1,2,0,7,0.3,1,0,0,0,1,0,0,2,21,5:13,1,11,0,0
170,Steve Downie\downist01,21,TOT,RW,29,3,3,6,-2,65,0.4,3,0,0,1,3,0,0,26,244,8:26,7,41,5,15
170,Steve Downie\downist01,21,TBL,RW,23,3,3,6,2,54,0.6,3,0,0,1,3,0,0,25,209,9:04,6,38,3,4
170,Steve Downie\downist01,21,PHI,RW,6,0,0,0,-4,11,-0.2,0,0,0,0,0,0,0,1,36,5:57,1,3,2,11
171,Kris Draper\drapekr01,37,DET,C,79,7,10,17,-13,40,0,6,0,1,2,9,0,1,93,947,11:59,20,102,594,393
172,Davis Drewiske\drewida01,24,LAK,D,17,0,3,3,1,18,0.9,0,0,0,0,2,1,0,21,294,17:19,30,10,0,0
173,Chris Drury\drurych01,32,NYR,C,81,22,34,56,-8,32,5.4,11,10,1,2,23,10,1,219,1640,20:15,90,42,603,580
174,Brandon Dubinsky\dubinbr01,22,NYR,C,82,13,28,41,-6,112,3.4,9,3,1,7,22,5,1,188,1364,16:38,24,251,466,404
175,J.P. Dumont\dumonjp01,30,NSH,RW,82,16,49,65,1,20,6.2,11,5,0,4,32,17,0,176,1435,17:30,13,33,3,3
176,Pascal Dupuis\dupuipa01,29,PIT,LW,71,12,16,28,1,30,2.3,12,0,0,2,15,0,1,145,1010,14:13,30,68,3,13
177,Philippe Dupuis\dupuiph01,23,COL,C,8,0,0,0,-1,4,-0.2,0,0,0,0,0,0,0,11,76,9:34,1,4,26,24
178,Chris Durno\durnoch01,28,COL,LW,2,0,0,0,0,0,0,0,0,0,0,0,0,0,3,12,6:02,0,6,0,0
179,Radek Dvorak\dvorara01,31,FLA,RW,81,15,21,36,0,42,2.9,11,0,4,3,21,0,0,136,1331,16:26,31,55,6,11
180,Patrick Dwyer\dwyerpa01,25,CAR,RW,13,1,0,1,-2,0,-0.1,1,0,0,0,0,0,0,9,111,8:34,6,16,5,7
181,Ben Eager\eagerbe01,25,CHI,LW,75,11,4,15,1,161,1.5,11,0,0,0,4,0,0,80,639,8:31,11,95,0,0
182,Mark Eaton\eatonma01,31,PIT,D,68,4,5,9,3,36,2.3,3,1,0,0,5,0,0,34,1208,17:46,148,43,1,0
183,Patrick Eaves\eavespa01,24,CAR,RW,74,6,8,14,7,31,1,4,1,1,1,8,0,0,115,833,11:15,33,134,5,7
184,Andrew Ebbett\ebbetan01,26,ANA,C,48,8,24,32,8,24,3.2,2,6,0,0,19,5,0,100,666,13:52,22,34,221,234
185,Alexander Edler\edleral01,22,VAN,D,80,10,27,37,11,54,7.2,5,5,0,1,11,16,0,145,1690,21:08,93,101,1,0
186,Christian Ehrhoff\ehrhoch01,26,SJS,D,77,8,34,42,-12,63,6.4,3,5,0,2,14,20,0,165,1635,21:14,90,79,0,0
187,Patrik Elias\eliaspa01,32,NJD,LW,77,31,47,78,18,32,9.4,17,12,2,6,25,19,3,247,1430,18:34,17,51,26,61
188,Matt Ellis\ellisma01,27,BUF,LW,45,7,5,12,4,12,1.5,7,0,0,2,4,1,0,73,397,8:50,19,21,112,127
189,Steve Eminger\emingst01,25,TOT,D,71,5,21,26,-3,50,4.1,3,2,0,1,11,10,0,85,1535,21:37,119,77,0,1
189,Steve Eminger\emingst01,25,TBL,D,50,4,19,23,-4,36,3.4,2,2,0,0,10,9,0,63,1178,23:33,91,55,0,1
189,Steve Eminger\emingst01,25,PHI,D,12,0,2,2,0,8,0.3,0,0,0,0,1,1,0,9,215,17:53,11,11,0,0
189,Steve Eminger\emingst01,25,FLA,D,9,1,0,1,1,6,0.4,1,0,0,1,0,0,0,13,142,15:49,17,11,0,0
190,Toby Enstrom\enstrto01,24,ATL,D,82,5,27,32,14,52,5.8,2,2,1,1,13,12,2,86,1929,23:32,120,29,1,1
191,Martin Erat\eratma01,27,NSH,RW,71,17,33,50,-7,48,4.6,14,3,0,3,18,13,2,149,1318,18:34,17,36,11,27
192,Jonathan Ericsson\ericsjo01,24,DET,D,19,1,3,4,-1,15,0.6,1,0,0,0,3,0,0,25,336,17:40,12,28,0,0
193,Loui Eriksson\erikslo01,23,DAL,LW,82,36,27,63,14,14,7.9,28,7,1,4,22,5,0,178,1626,19:50,51,31,2,9
194,John Erskine\erskijo01,28,WSH,D,52,0,4,4,1,63,1,0,0,0,0,3,0,1,50,873,16:48,76,128,0,0
195,Garnet Exelby\exelbga01,27,ATL,D,59,0,7,7,-2,120,1,0,0,0,0,6,0,1,42,987,16:43,99,151,0,0
196,Sergei Fedorov*\fedorse01,39,WSH,C,52,11,22,33,4,50,3.2,9,2,0,2,11,11,0,118,859,16:31,25,28,368,287
197,Todd Fedoruk\fedorto01,29,PHX,LW,72,6,7,13,-9,72,0.3,6,0,0,0,7,0,0,56,763,10:36,15,125,4,11
198,Ruslan Fedotenko\fedotru01,30,PIT,LW,65,16,23,39,18,44,4.7,15,1,0,3,20,3,0,117,917,14:06,28,99,4,14
199,Eric Fehr\fehrer01,23,WSH,RW,61,12,13,25,8,22,2.9,11,1,0,2,12,1,0,134,686,11:15,10,24,1,2
200,Andrew Ference\ferenan01,29,BOS,D,47,1,15,16,7,40,3,0,1,0,0,9,6,0,72,1012,21:32,72,60,0,0
201,Brett Festerling\festebr01,22,ANA,D,40,0,5,5,5,18,1.5,0,0,0,0,5,0,0,15,667,16:40,36,89,0,0
202,Vernon Fiddler\fiddlve01,28,NSH,LW,78,11,6,17,-13,24,0.7,8,1,2,2,5,0,1,114,1089,13:58,31,83,331,281
203,Nikita Filatov\filatni01,18,CBJ,LW,8,4,0,4,3,0,0.9,4,0,0,1,0,0,0,10,65,8:08,2,2,0,0
204,Valtteri Filppula\filppva01,24,DET,C,80,12,28,40,9,42,3.1,11,1,0,1,25,3,0,129,1288,16:06,17,41,405,370
205,Jeff Finger\fingeje01,29,TOR,D,66,6,17,23,-7,43,3,6,0,0,0,15,2,0,68,1352,20:29,158,133,0,0
206,Mike Fisher\fishemi01,28,OTT,C,78,13,19,32,0,66,2.6,10,1,2,3,14,5,0,182,1443,18:30,54,211,535,509
207,Mark Fistric\fistrma01,22,DAL,D,36,0,4,4,-1,42,0.9,0,0,0,0,4,0,0,35,574,15:57,44,114,0,0
208,Tomas Fleischmann\fleisto01,24,WSH,RW,73,19,18,37,-3,20,3.7,12,7,0,4,14,4,0,131,1101,15:05,17,22,9,25
209,Nick Foligno\foligni01,21,OTT,LW,81,17,15,32,-10,59,3.1,10,7,0,2,8,7,0,145,1108,13:41,18,97,21,26
210,Adam Foote\footead01,37,COL,D,42,1,6,7,-12,30,1.1,1,0,0,1,6,0,0,19,826,19:41,77,54,0,0
211,Kurtis Foster\fosteku01,27,MIN,D,10,1,5,6,7,6,1.5,1,0,0,0,3,2,0,10,136,13:35,8,8,0,0
212,Johan Franzen\franzjo01,29,DET,RW,71,34,25,59,21,44,7.8,22,11,1,8,17,8,0,246,1285,18:06,22,90,132,105
213,Colin Fraser\fraseco01,24,CHI,C,81,6,11,17,3,55,0.8,5,0,1,0,9,1,1,67,883,10:54,47,58,376,409
214,Jamie Fraser\fraseja01,23,NYI,D,1,0,0,0,0,0,0,0,0,0,0,0,0,0,0,11,11:00,2,0,0,0
215,Jamie Fritsch\fritsja01,23,PHI,D,1,0,0,0,1,0,0.1,0,0,0,0,0,0,0,0,5,4:34,0,1,0,0
216,Dan Fritsche\fritsda01,23,TOT,C,50,5,8,13,-5,12,0.9,3,1,1,0,7,1,0,54,532,10:38,11,53,41,53
216,Dan Fritsche\fritsda01,23,MIN,C,34,4,5,9,-3,10,0.7,2,1,1,0,4,1,0,34,379,11:09,10,35,36,51
216,Dan Fritsche\fritsda01,23,NYR,C,16,1,3,4,-2,2,0.2,1,0,0,0,3,0,0,20,153,9:33,1,18,5,2
217,Mitch Fritz\fritzmi01,28,NYI,LW,20,0,0,0,-4,42,-0.2,0,0,0,0,0,0,0,2,54,2:41,2,6,1,0
218,Jonas Frogren\frogrjo01,28,TOR,D,41,1,6,7,0,28,1.1,1,0,0,0,5,0,1,12,551,13:26,41,74,0,1
219,Michael Frolik\frolimi01,20,FLA,C,79,21,24,45,10,22,5.2,20,1,0,2,13,11,0,158,1170,14:48,24,46,27,40
220,Alex Frolov\froloal01,26,LAK,LW,77,32,27,59,-6,30,7.3,19,12,1,1,13,13,1,176,1534,19:55,20,49,5,6
221,Marian Gaborik\gaborma01,26,MIN,RW,17,13,10,23,3,2,3.4,10,2,1,2,5,5,0,68,340,20:00,5,15,0,5
222,Simon Gagne\gagnesi01,28,PHI,LW,79,34,40,74,21,42,9.6,18,12,4,3,23,13,4,221,1503,19:01,28,27,3,7
223,Sam Gagner\gagnesa01,19,EDM,C,76,16,25,41,-1,51,3.4,10,6,0,1,20,5,0,156,1274,16:46,13,28,290,399
224,T.J. Galiardi\galiatj01,20,COL,LW,11,3,1,4,-4,6,0.3,3,0,0,0,1,0,0,14,180,16:21,9,11,56,77
225,Jason Garrison\garrija01,24,FLA,D,1,0,0,0,0,0,0,0,0,0,0,0,0,0,0,12,11:57,1,1,0,0
226,Paul Gaustad\gaustpa01,26,BUF,C,62,12,17,29,4,108,2.7,8,3,1,1,12,5,0,122,999,16:06,39,141,452,406
227,Denis Gauthier\gauthde01,32,LAK,D,65,2,2,4,-11,90,1.3,2,0,0,0,2,0,0,36,945,14:32,104,182,0,0
228,Nathan Gerbe\gerbena01,21,BUF,C,10,0,1,1,3,4,0,0,0,0,0,0,1,0,24,136,13:37,0,11,1,0
229,Bruno Gervais\gervabr01,24,NYI,D,69,3,16,19,-15,33,2.9,3,0,0,1,12,3,1,82,1490,21:36,115,83,0,1
230,Ryan Getzlaf\getzlry01,23,ANA,C,81,25,66,91,5,121,9.2,16,9,0,2,38,28,0,227,1631,20:08,43,134,566,562
231,Tom Gilbert\gilbeto01,26,EDM,D,82,5,40,45,6,26,6.9,3,2,0,1,25,14,1,107,1802,21:58,136,47,0,0
232,Hal Gill\gillha01,33,PIT,D,62,2,8,10,11,53,2.7,2,0,0,0,8,0,0,40,1109,17:54,112,78,0,0
233,Colton Gillies\gillico01,19,MIN,C,45,2,5,7,-2,18,0.4,2,0,0,1,4,1,0,22,370,8:14,9,55,1,1
234,Brian Gionta\giontbr01,30,NJD,RW,81,20,40,60,12,32,6.3,14,3,3,1,31,8,1,248,1374,16:58,28,44,51,81
235,Mark Giordano\giordma01,25,CGY,D,58,2,17,19,2,59,3.1,0,2,0,0,13,4,0,82,940,16:13,38,54,0,0
236,Dan Girardi\girarda01,24,NYR,D,82,4,18,22,-14,53,4.5,2,2,0,1,13,5,0,122,1765,21:32,82,207,0,0
237,Alexandre Giroux\giroual01,27,WSH,LW,12,1,1,2,4,10,0.2,1,0,0,1,1,0,0,20,127,10:34,2,22,0,1
238,Claude Giroux\giroucl01,21,PHI,RW,42,9,18,27,10,14,3.1,7,2,0,0,14,4,0,67,637,15:10,18,41,146,163
239,Tanner Glass\glassta01,25,FLA,LW,3,0,0,0,0,7,0,0,0,0,0,0,0,0,1,20,6:45,1,5,1,0
240,Tim Gleason\gleasti01,26,CAR,D,70,0,12,12,3,68,3.2,0,0,0,0,10,1,1,61,1447,20:40,133,171,0,0
241,Curtis Glencross\glenccu01,26,CGY,LW,74,13,27,40,14,42,4,11,1,1,3,23,4,0,152,1086,14:41,29,123,26,28
242,Marcel Goc\gocma01,25,SJS,C,55,2,9,11,-6,18,-0.1,2,0,0,1,9,0,0,104,765,13:55,17,83,332,238
243,Eric Godard\godarer01,28,PIT,RW,71,2,2,4,-3,171,-0.1,2,0,0,0,2,0,0,20,289,4:04,12,37,1,0
244,Steven Goertzen\goertst01,24,PHX,RW,16,2,2,4,-2,24,0.3,2,0,0,0,2,0,0,18,155,9:42,7,33,1,1
245,Alex Goligoski\goligal01,23,PIT,D,45,6,14,20,5,16,3.6,2,4,0,0,10,4,0,61,824,18:18,49,30,0,0
246,Scott Gomez\gomezsc01,29,NYR,C,77,16,42,58,-2,60,5.3,12,3,1,7,28,14,0,271,1622,21:04,23,61,687,625
247,Sergei Gonchar\gonchse01,34,PIT,D,25,6,13,19,6,26,3.4,1,5,0,1,5,8,0,71,630,25:11:00,38,25,0,0
248,Andrew Gordon\gordoan01,23,WSH,RW,1,0,0,0,0,0,0,0,0,0,0,0,0,0,1,7,7:12,0,1,0,0
249,Boyd Gordon\gordobo01,25,WSH,C,63,5,9,14,-4,16,0.2,4,0,1,2,9,0,0,69,848,13:28,43,33,374,293
250,Josh Gorges\gorgejo01,24,MTL,D,81,4,19,23,12,37,5.3,2,2,0,0,15,3,1,63,1630,20:08,161,94,0,1
251,Mikhail Grabovski\grabomi01,25,TOR,C,78,20,28,48,-8,92,4.2,14,6,0,2,19,9,0,120,1265,16:13,30,45,418,524
252,Marc-Andre Gragnani\gragnma01,21,BUF,D,4,0,0,0,2,2,0.2,0,0,0,0,0,0,0,3,62,15:23,3,3,0,0
253,Chris Gratton\grattch01,33,TOT,C,24,0,3,3,-1,12,-0.2,0,0,0,0,3,0,0,20,253,10:32,4,37,134,95
253,Chris Gratton\grattch01,33,TBL,C,18,0,2,2,-3,10,-0.3,0,0,0,0,2,0,0,16,194,10:48,2,33,112,68
253,Chris Gratton\grattch01,33,CBJ,C,6,0,1,1,2,2,0.1,0,0,0,0,1,0,0,4,59,9:46,2,4,22,27
254,Josh Gratton\grattjo01,26,PHI,LW,19,1,2,3,-2,57,0.1,1,0,0,0,2,0,0,14,119,6:14,0,20,0,0
255,Denis Grebeshkov\grebede01,25,EDM,D,72,7,32,39,12,38,6.8,5,2,0,0,21,11,0,62,1524,21:10,87,46,0,0
256,Mike Green\greenmi03,23,WSH,D,68,31,42,73,24,68,13.9,12,18,1,4,22,20,0,243,1752,25:46:00,110,86,0,0
257,Andy Greene\greenan01,26,NJD,D,49,2,7,9,3,22,2,2,0,0,0,7,0,0,38,798,16:17,63,37,0,0
258,Matt Greene\greenma01,25,LAK,D,82,2,12,14,1,111,4.5,2,0,0,0,11,1,0,76,1619,19:44,167,202,1,0
259,Kyle Greentree\greenky01,25,CGY,LW,2,0,0,0,-1,0,-0.1,0,0,0,0,0,0,0,3,19,9:18,1,1,0,0
260,Mike Grier\griermi01,34,SJS,RW,62,10,13,23,8,25,2.2,9,0,1,2,10,0,3,108,930,15:00,34,147,15,28
261,Nicklas Grossmann\grossni01,24,DAL,D,81,2,10,12,-8,51,2.1,2,0,0,1,10,0,0,60,1429,17:39,100,178,0,0
262,Nate Guenin\guenina01,26,PHI,D,1,0,0,0,0,0,0,0,0,0,0,0,0,0,0,13,13:25,1,0,0,0
263,Bill Guerin\gueribi01,38,TOT,RW,78,21,27,48,-12,81,4.5,16,5,0,4,14,13,0,226,1300,16:40,29,72,30,34
263,Bill Guerin\gueribi01,38,NYI,RW,61,16,20,36,-15,63,3.1,11,5,0,3,11,9,0,181,1050,17:13,27,59,27,34
263,Bill Guerin\gueribi01,38,PIT,RW,17,5,7,12,3,18,1.4,5,0,0,1,3,4,0,45,250,14:44,2,13,3,0
264,Ben Guite\guitebe01,30,COL,RW,50,5,7,12,2,30,0.9,5,0,0,1,7,0,0,63,636,12:43,32,88,286,269
265,Niklas Hagman\hagmani01,29,TOR,LW,65,22,20,42,-5,4,4.2,16,6,0,3,13,7,0,168,1110,17:05,24,22,0,1
266,Ron Hainsey\hainsro01,27,ATL,D,81,6,33,39,-16,32,4.2,2,4,0,0,19,14,0,148,1812,22:22,127,60,0,0
267,David Hale\haleda01,27,PHX,D,48,3,6,9,-11,36,1.2,3,0,0,0,6,0,0,22,727,15:08,33,85,0,0
268,Matt Halischuk\halisma01,20,NJD,RW,1,0,1,1,-1,0,0,0,0,0,0,1,0,0,0,10,9:47,0,0,0,0
269,Adam Hall\hallad01,28,TBL,RW,74,5,5,10,-9,29,-0.3,4,1,0,0,4,1,0,90,829,11:12,37,85,169,169
270,Jeff Halpern\halpeje01,32,TBL,C,52,7,9,16,-13,32,0.2,5,1,1,1,6,3,0,60,885,17:01,39,28,434,388
271,Dan Hamhuis\hamhuda01,26,NSH,D,82,3,23,26,-4,67,5.1,1,1,1,1,17,5,1,135,1873,22:50,113,133,0,0
272,Jeff Hamilton\hamilje01,31,TOR,RW,15,3,3,6,2,4,0.6,3,0,0,1,3,0,0,30,194,12:57,5,6,3,8
273,Roman Hamrlik\hamrlro01,34,MTL,D,81,6,27,33,4,62,6,6,0,0,0,21,3,3,143,1775,21:55,195,104,0,0
274,Michal Handzus\handzmi01,31,LAK,C,82,18,24,42,-7,32,3.9,10,7,1,4,14,9,1,143,1550,18:54,69,75,719,601
275,Scott Hannan\hannasc01,30,COL,D,81,1,9,10,-21,26,2.1,1,0,0,0,9,0,0,70,1812,22:22,162,56,0,1
276,Jannik Hansen\hanseja01,22,VAN,RW,55,6,15,21,5,37,1.7,6,0,0,1,14,0,1,64,688,12:31,20,25,2,10
277,Christian Hanson\hansoch01,22,TOR,C,5,1,1,2,-1,2,0.1,1,0,0,0,1,0,0,9,82,16:19,1,3,1,3
278,Martin Hanzal\hanzama01,21,PHX,C,74,11,20,31,-4,40,2.2,9,0,2,2,17,2,1,97,1210,16:21,45,130,516,550
279,Jay Harrison\harrija01,26,TOR,D,7,0,1,1,-2,10,0,0,0,0,0,1,0,0,6,121,17:16,8,8,0,0
280,Peter Harrold\harrope01,25,LAK,D,69,4,8,12,-13,28,2.2,3,1,0,1,4,4,0,95,909,13:10,37,36,6,10
281,Scott Hartnell\hartnsc01,26,PHI,LW,82,30,30,60,14,143,7.5,23,6,1,5,23,7,0,210,1460,17:48,36,104,18,18
282,Niclas Havelid\havelni01,35,TOT,D,78,2,17,19,2,48,3.1,1,0,1,0,11,5,1,56,1613,20:40,190,41,0,0
282,Niclas Havelid\havelni01,35,ATL,D,63,2,13,15,4,42,2.6,1,0,1,0,10,2,1,41,1317,20:54,164,36,0,0
282,Niclas Havelid\havelni01,35,NJD,D,15,0,4,4,-2,6,0.5,0,0,0,0,1,3,0,15,296,19:43,26,5,0,0
283,Martin Havlat\havlama01,27,CHI,RW,81,29,48,77,29,30,9.5,24,5,0,5,39,9,0,249,1410,17:25,12,19,2,6
284,Dany Heatley\heatlda01,28,OTT,LW,82,39,33,72,-11,88,8.8,24,15,0,6,22,11,0,258,1649,20:07,24,87,14,16
285,Jochen Hecht\hechtjo01,31,BUF,C,70,12,15,27,-9,33,1.6,8,3,1,1,11,2,2,173,1218,17:24,38,29,235,303
286,Bret Hedican\hedicbr01,38,ANA,D,51,1,5,6,-7,36,0.9,1,0,0,0,3,2,0,40,832,16:18,37,51,0,0
287,Jan Hejda\hejdaja01,30,CBJ,D,82,3,18,21,23,38,6.1,3,0,0,1,17,0,1,66,1835,22:23,157,168,0,1
288,Milan Hejduk\hejdumi01,32,COL,RW,82,27,32,59,-19,16,5.8,16,10,1,2,23,9,0,211,1634,19:56,31,30,72,88
289,Darren Helm\helmda01,22,DET,C,16,0,1,1,-7,4,-0.6,0,0,0,0,1,0,0,29,199,12:26,4,37,74,58
290,Bryan Helmer\helmebr01,36,WSH,D,12,0,3,3,-1,2,0.3,0,0,0,0,2,1,0,8,199,16:36,22,13,0,0
291,Dwight Helminen\helmidw01,25,CAR,C,23,1,1,2,-2,0,0,1,0,0,0,1,0,0,15,157,6:50,9,22,61,70
292,Ales Hemsky\hemskal01,25,EDM,RW,72,23,43,66,1,32,6.7,19,4,0,2,16,27,0,185,1343,18:39,35,16,0,4
293,Matt Hendricks\hendrma01,27,COL,C,4,0,0,0,1,13,0,0,0,0,0,0,0,0,5,34,8:30,1,8,0,1
294,Jordan Hendry\hendrjo02,24,CHI,D,9,0,0,0,-1,4,0,0,0,0,0,0,0,0,1,91,10:06,10,4,0,0
295,Josh Hennessy\hennejo01,23,OTT,C,1,0,0,0,0,0,0,0,0,0,0,0,0,0,0,14,13:40,0,1,2,5
296,Alex Henry\henryal01,29,MTL,D,2,0,0,0,-2,10,-0.1,0,0,0,0,0,0,0,0,13,6:34,1,2,0,0
297,T.J. Hensick\hensitj01,23,COL,C,61,4,17,21,-7,14,1.2,3,1,0,0,12,5,0,116,787,12:54,22,14,241,269
298,Jamie Heward\hewarja01,37,TBL,D,13,0,2,2,-1,4,0.2,0,0,0,0,0,2,0,11,154,11:49,15,5,0,0
299,Chris Higgins\higgich01,25,MTL,LW,57,12,11,23,-1,22,2,8,2,2,1,9,2,0,151,969,17:00,39,79,29,28
300,Andy Hilbert\hilbean01,27,NYI,C,67,11,16,27,-3,22,2.1,9,1,1,0,12,3,1,167,1082,16:09,85,41,71,115
301,Jack Hillen\hilleja01,23,NYI,D,40,1,5,6,-9,16,0.7,1,0,0,0,4,0,1,47,608,15:13,50,28,0,0
302,Dan Hinote\hinotda01,32,STL,RW,51,1,4,5,-7,64,-0.5,1,0,0,0,2,1,1,24,556,10:55,29,86,35,39
303,Niklas Hjalmarsson\hjalmni01,21,CHI,D,21,1,2,3,4,0,1,1,0,0,0,1,0,1,15,315,14:59,22,15,0,0
304,Shane Hnidy\hnidysh01,33,BOS,D,65,3,9,12,6,45,2.7,2,1,0,1,9,0,0,49,1016,15:38,75,46,0,0
305,Jeff Hoggan\hoggaje01,30,PHX,RW,4,0,1,1,-1,7,0,0,0,0,0,1,0,0,7,48,12:00,4,13,0,2
306,Bobby Holik\holikbo01,38,NJD,C,62,4,5,9,-2,66,0.1,4,0,0,1,4,1,0,79,632,10:11,6,135,300,206
307,Ryan Hollweg\hollwry01,25,TOR,LW,25,0,2,2,-7,38,-0.4,0,0,0,0,2,0,0,12,162,6:28,4,37,1,2
308,Tomas Holmstrom\holmsto01,36,DET,RW,53,14,23,37,18,38,4.3,6,8,0,1,19,4,0,75,809,15:16,4,48,3,5
309,Shawn Horcoff\horcosh01,30,EDM,C,80,17,36,53,7,39,4.3,9,8,0,2,23,13,0,178,1709,21:22,45,30,947,808
310,Darcy Hordichuk\hordida01,28,VAN,LW,73,4,1,5,1,109,0.2,4,0,0,0,1,0,0,26,404,5:32,8,110,1,0
311,Patric Hornqvist\hornqpa01,22,NSH,RW,28,2,5,7,-3,16,0.3,2,0,0,0,4,1,0,54,319,11:24,13,20,1,4
312,Nathan Horton\hortona01,23,FLA,C,67,22,23,45,-5,48,4.6,16,5,1,5,14,9,0,131,1196,17:51,14,95,377,486
313,Marian Hossa\hossama01,30,DET,RW,74,40,31,71,27,63,9.9,30,10,0,8,17,13,1,307,1317,17:48,9,69,4,15
314,Jiri Hudler\hudleji01,25,DET,RW,82,23,34,57,7,16,6.3,17,6,0,2,12,22,0,155,1119,13:39,8,20,12,16
315,Trent Hunter\huntetr01,28,NYI,RW,55,14,17,31,-8,41,2.9,9,5,0,2,11,5,1,154,901,16:23,25,135,5,15
316,Matt Hunwick\hunwima01,23,BOS,D,53,6,21,27,15,31,5.3,6,0,0,1,13,8,0,58,900,16:59,50,45,0,0
317,Kristian Huselius\huselkr01,30,CBJ,LW,74,21,35,56,1,44,5.6,16,5,0,2,26,9,0,212,1444,19:31,16,21,13,32
318,Kent Huskins\huskike01,29,ANA,D,33,2,4,6,6,27,1.8,2,0,0,0,4,0,0,20,620,18:47,47,29,0,1
319,Andrew Hutchinson\hutchan01,28,TOT,D,40,2,3,5,-9,12,0.5,2,0,0,0,2,1,0,58,574,14:22,35,11,0,0
319,Andrew Hutchinson\hutchan01,28,DAL,D,38,2,3,5,-4,12,0.9,2,0,0,0,2,1,0,56,545,14:20,35,11,0,0
319,Andrew Hutchinson\hutchan01,28,TBL,D,2,0,0,0,-5,0,-0.4,0,0,0,0,0,0,0,2,29,14:44,0,0,0,0
320,Mike Iggulden\iggulmi01,26,NYI,C,11,1,4,5,-3,4,0.3,1,0,0,0,4,0,0,16,133,12:08,6,16,1,1
321,Jarome Iginla\iginlja01,31,CGY,RW,82,35,54,89,-2,37,9.5,25,10,0,4,32,22,0,289,1772,21:37,15,80,262,235
322,Raitis Ivanans\ivanara01,30,LAK,LW,76,2,0,2,-8,145,-0.6,2,0,0,2,0,0,0,25,484,6:22,9,125,0,0
323,Barret Jackman\jackmba01,27,STL,D,82,4,17,21,-17,86,3.8,2,1,1,0,15,1,1,89,1922,23:26,145,124,0,0
324,Tim Jackman\jackmti01,27,NYI,RW,69,5,7,12,-17,155,-0.2,4,0,1,0,7,0,0,99,811,11:45,50,151,7,15
325,Jean-Francois Jacques\jacquje01,23,EDM,LW,7,1,0,1,0,9,0.1,1,0,0,0,0,0,0,3,52,7:22,2,13,0,0
326,Jason Jaffray\jaffrja01,27,VAN,RW,14,2,2,4,-2,14,0.3,2,0,0,2,2,0,0,11,127,9:04,3,7,31,34
327,Connor James\jamesco01,26,PIT,LW,1,0,0,0,0,0,0,0,0,0,0,0,0,0,0,8,8:15,0,0,0,0
328,Dan Jancevski\janceda01,27,DAL,D,3,0,0,0,0,0,0,0,0,0,0,0,0,0,4,46,15:20,2,4,0,0
329,Doug Janik\janikdo01,28,TOT,D,15,0,1,1,-3,4,0,0,0,0,0,1,0,0,1,154,10:18,16,8,0,0
329,Doug Janik\janikdo01,28,DAL,D,13,0,1,1,-2,2,0.1,0,0,0,0,1,0,0,1,127,9:45,13,8,0,0
329,Doug Janik\janikdo01,28,MTL,D,2,0,0,0,-1,2,-0.1,0,0,0,0,0,0,0,0,28,13:54,3,0,0,0
330,Cam Janssen\janssca01,24,STL,RW,56,1,3,4,-5,131,-0.1,1,0,0,0,3,0,0,22,281,5:01,2,66,0,2
331,Dustin Jeffrey\jeffrdu01,20,PIT,C,14,1,2,3,4,0,0.3,1,0,0,0,2,0,0,18,151,10:47,3,8,43,60
332,Jesse Joensuu\joensje01,21,NYI,LW,7,1,2,3,-1,4,0.2,1,0,0,0,1,1,0,9,85,12:06,2,7,0,0
333,Aaron Johnson\johnsaa01,25,CHI,D,38,3,5,8,19,33,3,3,0,0,1,5,0,0,27,537,14:09,34,40,0,0
334,Jack Johnson\johnsja02,22,LAK,D,41,6,5,11,-18,46,1.7,3,3,0,0,2,3,0,50,831,20:17,51,68,0,0
335,Ryan Johnson\johnsry01,32,VAN,C,62,2,7,9,1,12,-0.1,2,0,0,1,7,0,0,22,683,11:01,83,33,265,286
336,Kim Johnsson\johnski01,32,MIN,D,81,2,22,24,-3,44,6.1,1,1,0,0,15,5,2,93,1987,24:32:00,142,36,0,0
337,Jussi Jokinen\jokinju01,25,TOT,LW,71,7,20,27,-10,28,1.2,5,2,0,1,13,7,0,101,1087,15:19,43,31,361,312
337,Jussi Jokinen\jokinju01,25,TBL,LW,46,6,10,16,-8,16,0.6,4,2,0,0,6,4,0,64,719,15:38,32,17,266,244
337,Jussi Jokinen\jokinju01,25,CAR,LW,25,1,10,11,-2,12,0.6,1,0,0,1,7,3,0,37,368,14:43,11,14,95,68
338,Olli Jokinen\jokinol01,30,TOT,C,76,29,28,57,-12,67,6,18,9,2,3,17,11,0,236,1435,18:53,23,72,413,539
338,Olli Jokinen\jokinol01,30,PHX,C,57,21,21,42,-5,49,4.7,13,6,2,2,11,10,0,169,1035,18:10,14,48,311,426
338,Olli Jokinen\jokinol01,30,CGY,C,19,8,7,15,-7,18,1.4,5,3,0,1,6,1,0,67,400,21:03,9,24,102,113
339,David Jones\jonesda01,24,COL,RW,40,8,5,13,-8,8,1.1,7,1,0,1,4,1,0,47,509,12:44,13,54,4,4
340,Randy Jones\jonesra01,27,PHI,D,47,4,4,8,8,22,2.5,3,1,0,2,4,0,0,45,898,19:07,66,20,0,0
341,Ryan Jones\jonesry01,24,NSH,LW,46,7,10,17,1,22,1.7,5,2,0,1,6,4,0,63,526,11:26,16,63,1,9
342,Derek Joslin\joslide01,21,SJS,D,12,0,0,0,-3,6,-0.1,0,0,0,0,0,0,0,9,136,11:22,8,11,0,0
343,Ed Jovanovski\jovaned01,32,PHX,D,82,9,27,36,-15,106,5.6,3,6,0,3,15,12,0,194,1817,22:10,109,130,0,1
344,Jonas Junland\junlajo01,21,STL,D,1,0,0,0,0,2,0,0,0,0,0,0,0,0,0,12,12:28,1,0,0,0
345,Milan Jurcina\jurcimi01,25,WSH,D,79,3,11,14,1,68,2.5,3,0,0,1,10,1,0,95,1276,16:09,131,157,0,0
346,Frantisek Kaberle\kaberfr01,35,CAR,D,30,1,7,8,-4,8,1.1,0,1,0,0,5,2,0,28,422,14:03,34,16,0,0
347,Tomas Kaberle\kaberto01,30,TOR,D,57,4,27,31,-8,8,3.6,1,3,0,1,11,16,0,93,1337,23:28,78,29,0,0
348,Patrick Kaleta\kaletpa01,22,BUF,RW,51,4,5,9,1,89,0.6,4,0,0,0,5,0,0,35,455,8:55,27,137,1,4
349,Dmitri Kalinin\kalindm01,28,TOT,D,73,2,15,17,-9,32,3.2,1,1,0,0,13,2,0,67,1290,17:40,73,79,0,0
349,Dmitri Kalinin\kalindm01,28,NYR,D,58,1,12,13,-7,26,2.5,1,0,0,0,12,0,0,51,987,17:01,59,61,0,0
349,Dmitri Kalinin\kalindm01,28,PHX,D,15,1,3,4,-2,6,0.7,0,1,0,0,1,2,0,16,303,20:12,14,18,0,0
350,Jon Kalinski\kalinjo01,21,PHI,C,12,1,2,3,-2,0,0.2,1,0,0,1,2,0,0,7,91,7:37,7,12,21,25
351,Boyd Kane\kanebo01,30,PHI,LW,1,0,0,0,0,0,0,0,0,0,0,0,0,0,0,8,8:12,1,2,0,0
352,Patrick Kane\kanepa01,20,CHI,RW,80,25,45,70,-2,42,6.9,12,13,0,4,23,22,0,254,1493,18:40,9,19,13,18
353,Paul Kariya*\kariypa01,34,STL,LW,11,2,13,15,1,2,1.5,2,0,0,0,4,9,0,31,199,18:06,6,7,0,0
354,Martins Karsums\karsuma01,22,TOT,RW,24,1,5,6,-8,6,-0.1,1,0,0,0,4,1,0,28,269,11:11,11,47,2,1
354,Martins Karsums\karsuma01,22,TBL,RW,18,1,4,5,-5,6,0,1,0,0,0,3,1,0,22,210,11:40,10,36,2,0
354,Martins Karsums\karsuma01,22,BOS,RW,6,0,1,1,-3,0,-0.1,0,0,0,0,1,0,0,6,58,9:45,1,11,0,1
355,Lukas Kaspar\kaspalu01,23,SJS,LW,13,2,2,4,0,8,0.4,2,0,0,1,1,1,0,14,119,9:08,2,18,0,4
356,Duncan Keith\keithdu01,25,CHI,D,77,8,36,44,33,60,9.4,5,2,1,1,27,9,0,173,1969,25:34:00,92,40,0,0
357,Chris Kelly\kellych01,28,OTT,C,82,12,11,23,-10,38,1.3,11,0,1,1,9,0,2,118,1279,15:36,59,97,234,260
358,Tim Kennedy\kenneti01,22,BUF,LW,1,0,0,0,0,0,0,0,0,0,0,0,0,0,1,11,11:04,0,1,0,1
359,Tyler Kennedy\kennety01,22,PIT,C,67,15,20,35,15,30,4,15,0,0,3,18,2,0,171,923,13:46,10,47,42,36
360,Ryan Kesler\keslery01,24,VAN,C,82,26,33,59,8,61,6.2,14,10,2,2,23,8,2,179,1596,19:28,70,70,524,445
361,Phil Kessel\kesseph01,21,BOS,RW,70,36,24,60,23,16,8.8,28,8,0,6,17,7,0,232,1159,16:34,16,6,42,45
362,D.J. King\kingdj01,24,STL,LW,1,0,1,1,0,0,0.1,0,0,0,0,1,0,0,0,8,8:20,0,3,0,0
363,Geoff Kinrade\kinrage01,23,TBL,D,1,0,0,0,-1,0,-0.1,0,0,0,0,0,0,0,1,18,17:32,2,1,0,0
364,Ken Klee\kleeke01,37,TOT,D,71,1,10,11,9,28,3.2,1,0,0,0,10,0,0,51,1096,15:26,104,102,0,0
364,Ken Klee\kleeke01,37,PHX,D,68,1,10,11,9,24,3.2,1,0,0,0,10,0,0,47,1045,15:22,98,97,0,0
364,Ken Klee\kleeke01,37,ANA,D,3,0,0,0,0,4,0,0,0,0,0,0,0,0,4,51,16:57,6,5,0,0
365,Kevin Klein\kleinke01,24,NSH,D,63,4,8,12,-2,19,2.5,3,1,0,0,8,0,0,41,798,12:40,47,57,0,0
366,Rostislav Klesla\kleslro01,26,CBJ,D,34,1,8,9,2,38,1.9,1,0,0,0,6,2,0,30,713,20:59,49,59,0,1
367,Mike Knuble\knublmi01,36,PHI,RW,82,27,20,47,5,62,5.3,16,11,0,6,10,9,1,173,1490,18:10,48,89,18,33
368,Chuck Kobasew\kobasch01,26,BOS,RW,68,21,21,42,5,56,4.9,15,6,0,3,18,3,0,129,999,14:41,27,100,5,20
369,David Koci\kocida01,27,TOT,LW,37,1,1,2,1,141,0,1,0,0,0,1,0,0,13,220,5:57,5,39,0,0
369,David Koci\kocida01,27,TBL,LW,33,1,1,2,3,132,0.1,1,0,0,0,1,0,0,8,206,6:14,5,30,0,0
369,David Koci\kocida01,27,STL,LW,4,0,0,0,-2,9,-0.1,0,0,0,0,0,0,0,5,14,3:37,0,9,0,0
370,Ville Koistinen\koistvi01,26,NSH,D,38,3,8,11,0,14,2.2,2,1,0,2,4,4,0,42,559,14:42,23,45,0,1
371,Mikko Koivu\koivumi01,25,MIN,C,79,20,47,67,2,66,6.9,11,5,4,3,24,21,2,236,1697,21:29,36,45,857,768
372,Saku Koivu\koivusa01,34,MTL,C,65,16,34,50,4,44,5.2,11,5,0,5,20,12,2,123,1108,17:03,21,43,607,515
373,Krys Kolanos\kolankr01,27,MIN,C,21,3,3,6,3,16,0.8,2,1,0,0,2,1,0,30,223,10:36,3,37,59,56
374,Mike Komisarek\komismi01,27,MTL,D,66,2,9,11,0,121,2.6,2,0,0,0,7,0,2,56,1361,20:37,207,191,0,0
375,Zenon Konopka\konopze01,28,TBL,C,7,0,1,1,-1,29,0,0,0,0,0,1,0,0,6,49,7:01,2,6,17,8
376,Tomas Kopecky\kopecto01,26,DET,RW,79,6,13,19,-7,46,0.6,4,1,1,2,11,2,0,110,823,10:25,13,107,36,43
377,Anze Kopitar\kopitan01,21,LAK,C,82,27,39,66,-17,32,6.9,19,7,1,3,23,16,0,234,1677,20:27,56,85,671,684
378,Lauri Korpikoski\korpila01,22,NYR,LW,68,6,8,14,-10,14,0.6,6,0,0,1,8,0,0,63,742,10:55,15,96,88,132
379,Andrei Kostitsyn\kostian01,23,MTL,LW,74,23,18,41,-7,50,4.5,17,6,0,2,9,9,0,169,1154,15:35,23,124,3,3
380,Sergei Kostitsyn\kostise01,21,MTL,LW,56,8,15,23,-3,64,1.8,3,5,0,1,10,5,0,74,792,14:08,21,49,3,6
381,Tom Kostopoulos\kostoto01,30,MTL,RW,78,8,14,22,-1,106,1.2,7,0,1,0,13,0,1,121,1103,14:09,42,167,5,11
382,Ales Kotalik\kotalal01,30,TOT,RW,75,20,23,43,-5,34,4.3,11,9,0,1,11,12,0,208,1159,15:27,22,121,36,49
382,Ales Kotalik\kotalal01,30,BUF,RW,56,13,19,32,-7,28,3,5,8,0,1,9,10,0,153,853,15:14,13,93,30,47
382,Ales Kotalik\kotalal01,30,EDM,RW,19,7,4,11,2,6,1.4,6,1,0,0,2,2,0,55,306,16:06,9,28,6,2
383,Ilya Kovalchuk\kovalil01,25,ATL,LW,79,43,48,91,-12,50,10.3,31,12,0,6,23,24,1,275,1723,21:48,15,43,5,9
384,Alex Kovalev\kovalal01,35,MTL,RW,78,26,39,65,-5,74,6.8,14,11,1,4,17,21,1,209,1515,19:26,20,56,16,34
385,Viktor Kozlov\kozlovi01,33,WSH,C,67,13,28,41,-9,16,3.3,11,2,0,0,15,13,0,153,1050,15:40,18,39,10,23
386,Vyacheslav Kozlov\kozlovy01,36,ATL,LW,82,26,50,76,-14,44,7.4,14,12,0,3,19,31,0,165,1413,17:14,17,37,3,5
387,Lukas Krajicek\krajilu01,25,TBL,D,71,2,17,19,-8,48,2.6,2,0,0,0,14,2,1,66,1393,19:37,90,54,0,0
388,David Krejci\krejcda01,22,BOS,C,82,22,51,73,37,26,8.8,15,5,2,6,35,14,2,146,1382,16:52,46,74,526,517
389,Kamil Kreps\krepska01,24,FLA,C,66,4,15,19,2,18,0.8,3,0,1,1,15,0,0,77,922,13:58,33,43,439,431
390,Jason Krog\krogja01,33,VAN,C,4,1,0,1,0,2,0.1,0,1,0,0,0,0,0,5,41,10:14,1,3,14,10
391,Niklas Kronwall\kronwni01,28,DET,D,80,6,45,51,2,50,7,2,4,0,1,26,18,1,121,1832,22:54,106,94,1,0
392,Staffan Kronwall\kronwst01,26,WSH,D,3,0,0,0,-1,0,-0.1,0,0,0,0,0,0,0,4,40,13:13,3,11,0,0
393,Filip Kuba\kubafi01,32,OTT,D,71,3,37,40,4,28,7.1,1,2,0,0,13,24,0,111,1653,23:17,111,44,0,0
394,Pavel Kubina\kubinpa01,31,TOR,D,82,14,26,40,-15,94,5.2,5,9,0,4,13,13,0,184,1808,22:03,133,89,0,0
395,Lasse Kukkonen\kukkola01,27,PHI,D,22,0,2,2,-2,10,0.2,0,0,0,0,2,0,0,10,236,10:43,24,15,0,1
396,Nikolai Kulemin\kulemni01,22,TOR,LW,73,15,16,31,-8,18,2.4,13,2,0,1,9,7,0,129,1008,13:48,42,71,35,31
397,Chris Kunitz\kunitch01,29,TOT,LW,82,23,30,53,12,71,5.9,17,6,0,3,23,6,1,178,1348,16:26,25,207,13,14
397,Chris Kunitz\kunitch01,29,ANA,LW,62,16,19,35,9,55,3.8,13,3,0,2,15,3,1,139,1022,16:29,15,148,10,12
397,Chris Kunitz\kunitch01,29,PIT,LW,20,7,11,18,3,16,2.1,4,3,0,1,8,3,0,39,326,16:17,10,59,3,2
398,Dan LaCouture\lacouda01,31,CAR,LW,11,2,0,2,-1,10,0.3,2,0,0,1,0,0,0,4,47,4:16,3,9,4,6
399,Andrew Ladd\laddan01,23,CHI,LW,82,15,34,49,26,28,5.4,15,0,0,2,32,1,1,195,1180,14:24,22,117,10,32
400,Brooks Laich\laichbr01,25,WSH,C,82,23,30,53,-1,31,5.3,13,9,1,3,14,15,1,185,1417,17:17,42,99,261,250
401,Quintin Laing\laingqu01,29,WSH,LW,1,0,0,0,1,0,0,0,0,0,0,0,0,0,2,10,10:19,1,2,0,0
402,Robert Lang\langro01,38,MTL,C,50,18,21,39,6,36,4.8,9,8,1,3,11,9,1,101,844,16:53,24,17,375,393
403,Jamie Langenbrunner\langeja01,33,NJD,RW,81,29,40,69,25,56,8.5,20,6,3,7,29,11,0,229,1466,18:06,28,88,10,15
404,Daymond Langkow\langkda01,32,CGY,C,73,21,28,49,1,20,5,17,4,0,3,16,12,0,161,1255,17:11,30,41,344,385
405,Ian Laperriere\laperia01,35,COL,RW,74,7,12,19,0,163,1.2,7,0,0,0,11,0,1,61,1024,13:50,69,103,196,250
406,Maxim Lapierre\lapiema01,23,MTL,C,79,15,13,28,9,76,2.9,12,1,2,2,13,0,0,165,1169,14:48,52,130,525,462
407,Georges Laraque\laraqge01,32,MTL,RW,33,0,2,2,-6,61,-0.5,0,0,0,0,2,0,0,15,252,7:39,5,42,0,1
408,Chad Larose\larosch01,26,CAR,LW,81,19,12,31,6,35,3.4,17,0,2,4,9,1,2,171,1226,15:08,43,121,5,13
409,Matt Lashoff\lashoma01,22,TOT,D,28,0,8,8,-6,20,0.7,0,0,0,0,4,4,0,25,495,17:41,21,15,0,0
409,Matt Lashoff\lashoma01,22,BOS,D,16,0,1,1,1,10,0.3,0,0,0,0,0,1,0,6,210,13:07,6,7,0,0
409,Matt Lashoff\lashoma01,22,TBL,D,12,0,7,7,-7,10,0.4,0,0,0,0,4,3,0,19,285,23:46,15,8,0,0
410,Guillaume Latendresse\latengu01,21,MTL,RW,56,14,12,26,4,45,3.1,13,1,0,2,9,3,0,117,762,13:37,12,140,1,1
411,Jay Leach\leachja02,29,NJD,D,24,0,1,1,0,21,0.4,0,0,0,0,1,0,0,5,356,14:50,25,7,0,0
412,Brett Lebda\lebdabr01,27,DET,D,65,6,10,16,9,48,3.4,6,0,0,1,10,0,0,69,887,13:39,15,30,1,0
413,Vincent Lecavalier\lecavvi01,28,TBL,C,77,29,38,67,-9,54,6.7,18,10,1,6,23,14,1,291,1559,20:15,29,110,710,684
414,Per Ledin\ledinpe01,30,COL,LW,3,0,0,0,-1,2,-0.1,0,0,0,0,0,0,0,2,30,9:56,0,3,0,0
415,Brian Lee\leebr01,21,OTT,D,53,2,11,13,-2,33,2.8,1,1,0,1,9,2,0,51,1001,18:53,67,58,0,0
416,David Legwand\legwada01,28,NSH,C,73,20,22,42,-3,32,4.1,16,1,3,1,15,6,1,175,1419,19:27,23,25,509,514
417,Scott Lehman\lehmasc01,23,ATL,D,1,0,0,0,0,0,0,0,0,0,0,0,0,0,0,3,3:03,0,0,0,0
418,Jere Lehtinen\lehtije01,35,DAL,RW,48,8,16,24,1,8,1.7,6,2,0,1,11,5,0,119,912,19:00,25,25,2,5
419,Mikko Lehtonen\lehtomi02,21,BOS,RW,1,0,0,0,0,0,0,0,0,0,0,0,0,0,1,16,16:14,0,0,0,0
420,Ville Leino\leinovi01,25,DET,LW,13,5,4,9,5,6,1.3,5,0,0,1,4,0,0,17,165,12:42,1,3,7,5
421,Claude Lemieux\lemiecl01,43,SJS,RW,18,0,1,1,-5,21,-0.3,0,0,0,0,1,0,0,17,138,7:40,3,34,3,11
422,Jordan Leopold\leopojo01,28,TOT,D,83,7,17,24,-15,24,4.1,6,1,0,1,13,3,1,107,1561,18:48,100,65,0,0
422,Jordan Leopold\leopojo01,28,COL,D,64,6,14,20,-10,18,3.6,5,1,0,1,10,3,1,82,1162,18:10,80,45,0,0
422,Jordan Leopold\leopojo01,28,CGY,D,19,1,3,4,-5,6,0.4,1,0,0,0,3,0,0,25,398,20:58,20,20,0,0
423,Sami Lepisto\lepissa01,24,WSH,D,7,0,4,4,-3,6,0.3,0,0,0,0,1,3,0,7,137,19:36,4,9,0,0
424,Kris Letang\letankr01,21,PIT,D,74,10,23,33,-7,24,4.8,5,4,1,3,16,7,0,138,1565,21:09,127,111,0,1
425,Pierre-Luc Letourneau-Leblond\letoupi01,23,NJD,RW,8,0,1,1,3,22,0.2,0,0,0,0,1,0,0,3,39,4:51,1,12,0,0
426,Grant Lewis\lewisgr01,24,ATL,D,1,0,0,0,0,0,0,0,0,0,0,0,0,0,1,15,15:29,0,0,0,0
427,Trevor Lewis\lewistr01,22,LAK,C,6,1,2,3,0,0,0.3,1,0,0,0,2,0,0,10,70,11:36,4,4,1,3
428,Nicklas Lidstrom*\lidstni01,38,DET,D,78,16,43,59,31,30,11.2,6,10,0,4,19,23,1,180,1936,24:49:00,66,43,0,0
429,John-Michael Liles\lilesjo01,28,COL,D,75,12,27,39,-19,31,6.2,6,6,0,1,12,15,0,146,1616,21:33,106,58,0,0
430,Andreas Lilja\liljaan01,33,DET,D,60,2,11,13,13,66,3.1,2,0,0,0,11,0,0,60,1020,17:00,90,93,0,1
431,Joakim Lindstrom\lindsjo01,25,PHX,C,44,9,11,20,-6,28,1.7,6,3,0,2,5,6,0,77,654,14:52,15,35,5,9
432,Enver Lisin\lisinen01,22,PHX,RW,48,13,8,21,-13,24,1.9,12,1,0,2,7,1,0,105,712,14:50,14,56,2,4
433,Bryan Little\littlbr01,21,ATL,RW,79,31,20,51,-5,24,5.8,19,12,0,4,12,8,0,172,1337,16:55,17,40,93,121
434,Matthew Lombardi\lombama01,26,TOT,C,69,14,32,46,13,44,4.6,12,1,1,2,25,7,0,177,1220,17:41,38,43,432,391
434,Matthew Lombardi\lombama01,26,CGY,C,50,9,21,30,11,30,3,8,0,1,2,16,5,0,119,823,16:27,24,19,244,211
434,Matthew Lombardi\lombama01,26,PHX,C,19,5,11,16,2,14,1.6,4,1,0,0,9,2,0,58,397,20:54,14,24,188,180
435,Ben Lovejoy\lovejbe01,24,PIT,D,2,0,0,0,0,0,0,0,0,0,0,0,0,0,1,24,11:53,1,1,0,0
436,Milan Lucic\lucicmi01,20,BOS,LW,72,17,25,42,17,136,4.8,15,2,0,3,19,6,0,97,1076,14:57,32,259,5,4
437,Brad Lukowich\lukowbr01,32,SJS,D,58,0,8,8,5,12,2.5,0,0,0,0,8,0,0,43,940,16:13,82,117,0,0
438,Mike Lundin\lundimi01,24,TBL,D,25,0,2,2,-4,4,0.2,0,0,0,0,2,0,0,8,416,16:39,43,6,0,1
439,Jamie Lundmark\lundmja01,28,CGY,C,27,8,8,16,2,17,1.9,8,0,0,0,5,3,0,50,378,13:59,7,14,62,58
440,Joel Lundqvist\lundqjo01,26,DAL,C,43,1,5,6,-9,20,-0.5,1,0,0,1,5,0,0,32,465,10:49,14,116,29,47
441,Joffrey Lupul\lupuljo01,25,PHI,RW,79,25,25,50,1,58,5.7,19,6,0,4,16,9,0,194,1239,15:41,38,79,10,11
442,Toni Lydman\lydmato01,31,BUF,D,80,3,20,23,0,70,4.5,3,0,0,0,14,5,1,99,1742,21:47,166,165,0,0
443,Clarke MacArthur\macarcl01,23,BUF,LW,71,17,14,31,-4,56,3.2,12,5,0,0,9,5,0,108,982,13:50,33,80,76,142
444,Andrew MacDonald\macdoan01,22,NYI,D,3,0,0,0,2,2,0.2,0,0,0,0,0,0,0,1,31,10:10,3,0,0,0
445,Craig MacDonald\macdocr01,31,CBJ,C,8,1,1,2,1,0,0.2,1,0,0,1,1,0,0,6,85,10:39,1,7,4,7
446,Spencer Machacek\machasp01,20,ATL,RW,2,0,0,0,0,0,0,0,0,0,0,0,0,0,1,16,8:12,0,7,0,0
447,Ray Macias\maciara01,22,COL,D,6,0,1,1,0,0,0.3,0,0,0,0,0,1,0,4,108,17:59,8,2,0,0
448,Steve MacIntyre\macinst01,28,EDM,LW,22,2,0,2,-2,40,0.2,2,0,0,1,0,0,0,6,86,3:55,2,22,0,0
449,Aaron MacKenzie\mackeaa01,27,COL,D,5,0,0,0,1,0,0.2,0,0,0,0,0,0,0,3,73,14:38,8,6,0,0
450,Derek MacKenzie\mackede01,27,CBJ,C,1,0,0,0,-1,2,-0.1,0,0,0,0,0,0,0,1,7,7:15,0,1,2,2
451,John Madden\maddejo01,35,NJD,C,76,7,16,23,-7,26,0.6,6,0,1,2,14,0,2,132,1248,16:25,49,64,599,561
452,Adam Mair\mairad01,29,BUF,C,75,8,11,19,4,95,1.6,8,0,0,1,11,0,0,75,793,10:35,20,107,200,214
453,Manny Malhotra\malhoma01,28,CBJ,C,77,11,24,35,9,28,2.7,11,0,0,3,17,6,1,116,1387,18:01,52,74,801,578
454,Marek Malik\malikma01,33,TBL,D,42,0,5,5,-3,36,0.9,0,0,0,0,5,0,0,22,805,19:10,43,14,0,0
455,Evgeni Malkin\malkiev01,22,PIT,C,82,35,78,113,17,80,12.6,19,14,2,4,51,27,0,290,1846,22:31,39,80,283,385
456,Ryan Malone\malonry01,29,TBL,LW,70,26,19,45,4,98,5.2,19,7,0,3,15,4,0,124,1243,17:45,23,173,14,33
457,Kirk Maltby\maltbki01,36,DET,LW,78,5,6,11,-9,28,-0.2,5,0,0,1,6,0,0,58,713,9:08,23,64,4,6
458,Mark Mancari\mancama01,23,BUF,RW,7,1,1,2,-4,4,0,1,0,0,0,0,1,0,21,93,13:16,1,8,4,3
459,Paul Mara\marapa01,29,NYR,D,76,5,16,21,2,94,5.2,4,1,0,0,5,10,1,102,1441,18:58,86,123,1,1
460,Todd Marchant\marchto01,35,ANA,C,72,5,13,18,-2,34,0.4,3,0,2,0,11,1,1,101,1046,14:32,40,76,298,295
461,Andrei Markov\markoan01,30,MTL,D,78,12,52,64,-2,36,9.7,5,7,0,3,19,32,1,165,1921,24:38:00,111,61,0,0
462,Patrick Marleau\marlepa01,29,SJS,LW,76,38,33,71,16,18,9.2,22,11,5,10,24,7,2,251,1623,21:21,23,98,310,281
463,Paul Martin\martipa01,27,NJD,D,73,5,28,33,21,36,7,3,2,0,1,11,16,1,107,1779,24:22:00,79,40,0,0
464,Radek Martinek\martira01,32,NYI,D,51,6,4,10,-16,28,1.7,5,1,0,1,4,0,0,54,1099,21:34,108,83,0,0
465,Shawn Matthias\matthsh01,20,FLA,C,16,0,2,2,-3,2,-0.2,0,0,0,0,2,0,0,11,147,9:10,2,8,46,45
466,Ben Maxwell\maxwebe01,20,MTL,C,7,0,0,0,-1,2,-0.2,0,0,0,0,0,0,0,2,69,9:55,1,2,20,33
467,Brad May\maybr01,37,TOT,LW,58,1,6,7,0,89,0,1,0,0,0,6,0,0,32,421,7:16,6,53,1,3
467,Brad May\maybr01,37,TOR,LW,38,1,1,2,-5,61,-0.5,1,0,0,0,1,0,0,27,294,7:44,5,34,0,1
467,Brad May\maybr01,37,ANA,LW,20,0,5,5,5,28,0.5,0,0,0,0,5,0,0,5,127,6:22,1,19,1,2
468,Jamal Mayers\mayerja01,34,TOR,RW,71,7,9,16,-7,82,0.6,7,0,0,1,8,1,0,72,749,10:33,30,66,246,180
469,Maksim Mayorov\mayorma01,19,CBJ,RW,3,0,0,0,0,0,0,0,0,0,0,0,0,0,1,17,5:44,0,1,0,0
470,Dean McAmmond\mcammde01,35,TOT,LW,62,5,11,16,7,24,1.4,4,0,1,2,11,0,0,59,698,11:16,17,32,242,301
470,Dean McAmmond\mcammde01,35,OTT,LW,44,3,4,7,2,16,0.5,2,0,1,2,4,0,0,40,426,9:40,7,22,116,160
470,Dean McAmmond\mcammde01,35,NYI,LW,18,2,7,9,5,8,0.9,2,0,0,0,7,0,0,19,273,15:09,10,10,126,141
471,Kenndal McArdle\mcardke01,22,FLA,LW,3,0,0,0,-1,2,-0.1,0,0,0,0,0,0,0,1,23,7:30,1,3,0,0
472,Bryan McCabe\mccabbr01,33,FLA,D,69,15,24,39,-1,41,7,7,8,0,3,13,11,0,153,1596,23:08,92,72,0,0
473,Darren McCarty\mccarda02,36,DET,RW,13,1,0,1,-2,25,0,1,0,0,0,0,0,0,6,69,5:17,2,4,2,3
474,Jay McClement\mccleja01,25,STL,C,82,12,14,26,-10,29,1.5,9,0,3,3,14,0,0,137,1361,16:36,57,38,756,695
475,Cody McCormick\mccorco01,25,COL,C,55,1,11,12,-5,92,0.4,1,0,0,0,10,0,1,66,528,9:36,20,115,38,69
476,Andy McDonald\mcdonan01,31,STL,C,46,15,29,44,-13,24,4.4,8,6,1,1,16,13,0,128,877,19:05,18,24,213,154
477,Jamie McGinn\mcginja01,20,SJS,LW,35,4,2,6,-6,2,0.3,3,1,0,1,2,0,0,27,312,8:55,7,50,6,1
478,Brian McGrattan\mcgrabr01,27,PHX,RW,5,0,0,0,-2,22,-0.1,0,0,0,0,0,0,0,2,28,5:31,0,2,0,0
479,Nathan McIver\mcivena01,24,ANA,D,18,0,1,1,2,36,0.4,0,0,0,0,1,0,0,5,169,9:24,7,37,0,0
480,Jay McKee\mckeeja01,31,STL,D,69,1,7,8,11,44,3.4,1,0,0,1,6,0,1,43,1195,17:19,185,68,0,2
481,Brett McLean\mcleabr01,30,FLA,C,80,7,12,19,-12,29,0.4,7,0,0,2,11,1,0,114,994,12:26,16,30,197,259
482,Kurtis McLean\mcleaku01,28,NYI,RW,4,1,0,1,1,0,0.2,1,0,0,1,0,0,0,5,42,10:34,0,7,0,1
483,Cody McLeod\mcleoco01,24,COL,LW,79,15,5,20,-11,162,1.9,15,0,0,3,5,0,0,118,915,11:35,32,194,2,3
484,Derek Meech\meechde01,24,DET,D,41,2,5,7,-12,12,0.2,2,0,0,0,4,1,0,44,412,10:03,19,36,0,2
485,Josef Melichar\melicjo01,30,TOT,D,39,0,9,9,0,37,1.4,0,0,0,0,9,0,0,19,537,13:46,54,39,0,0
485,Josef Melichar\melicjo01,30,TBL,D,24,0,5,5,1,29,0.9,0,0,0,0,5,0,0,16,407,16:58,34,27,0,0
485,Josef Melichar\melicjo01,30,CAR,D,15,0,4,4,-1,8,0.5,0,0,0,0,4,0,0,3,130,8:40,20,12,0,0
486,Andrej Meszaros\meszaan01,23,TBL,D,52,2,14,16,-4,36,2.5,1,1,0,1,10,4,0,87,1257,24:11:00,98,68,0,1
487,Marc Methot\methoma01,23,CBJ,D,66,4,13,17,7,55,3.9,4,0,0,0,13,0,0,58,1185,17:57,54,135,0,0
488,Glen Metropolit\metrogl01,34,TOT,C,76,6,11,17,-5,28,0.4,5,1,0,0,10,0,1,82,958,12:36,36,51,382,395
488,Glen Metropolit\metrogl01,34,PHI,C,55,4,10,14,-1,15,0.5,3,1,0,0,9,0,1,63,714,12:59,25,39,282,280
488,Glen Metropolit\metrogl01,34,MTL,C,21,2,1,3,-4,13,-0.1,2,0,0,0,1,0,0,19,244,11:37,11,12,100,115
489,Freddy Meyer\meyerfr01,28,NYI,D,27,4,5,9,-19,14,0.5,4,0,0,1,4,0,1,36,567,21:00,57,71,0,0
490,Milan Michalek\michami01,24,SJS,LW,77,23,34,57,11,52,6.4,17,6,0,6,19,13,2,179,1421,18:27,33,92,14,16
491,Zbynek Michalek\michazb01,26,PHX,D,82,6,21,27,-13,28,4.6,6,0,0,0,20,0,1,106,1863,22:43,268,67,0,0
492,Antti Miettinen\miettan01,28,MIN,RW,82,15,29,44,-1,32,4.1,9,4,2,3,19,9,1,186,1499,18:17,27,69,28,32
493,Vladimir Mihalik\mihalvl01,22,TBL,D,11,0,3,3,-3,6,0.2,0,0,0,0,3,0,0,7,147,13:24,17,8,0,0
494,Brendan Mikkelson\mikkebr01,21,ANA,D,34,0,2,2,0,17,0.6,0,0,0,0,2,0,0,19,474,13:56,22,19,0,0
495,Drew Miller\milledr01,24,ANA,LW,27,4,6,10,0,17,0.8,4,0,0,0,5,0,1,45,351,12:59,11,15,3,11
496,Chris Minard\minarch01,27,PIT,LW,20,1,2,3,0,4,0.1,1,0,0,1,2,0,0,33,188,9:25,5,32,2,0
497,Graham Mink\minkgr01,29,WSH,LW,2,0,0,0,0,0,0,0,0,0,0,0,0,0,4,16,8:03,0,0,0,0
498,John Mitchell\mitchjo01,24,TOR,C,76,12,17,29,-16,33,1.5,10,2,0,0,12,4,1,98,1049,13:48,48,88,326,342
499,Willie Mitchell\mitchwi01,31,VAN,D,82,3,20,23,29,59,6.6,3,0,0,1,20,0,0,88,1879,22:55,125,81,0,1
500,Mike Modano*\modanmi01,38,DAL,C,80,15,31,46,-13,46,3.1,11,4,0,4,17,14,0,197,1464,18:18,24,35,617,559
501,Fredrik Modin\modinfr01,34,CBJ,LW,50,9,16,25,2,28,2.2,7,2,0,0,11,5,0,113,844,16:53,26,23,49,73
502,Travis Moen\moentr01,26,TOT,LW,82,7,9,16,-18,91,-0.5,4,0,3,2,9,0,0,101,1229,14:59,42,171,4,14
502,Travis Moen\moentr01,26,ANA,LW,63,4,7,11,-17,77,-0.8,2,0,2,1,7,0,0,77,938,14:53,30,120,2,5
502,Travis Moen\moentr01,26,SJS,LW,19,3,2,5,-1,14,0.3,2,0,1,1,2,0,0,24,292,15:21,12,51,2,9
503,Tomas Mojzis\mojzito01,26,MIN,D,4,0,1,1,-1,2,0.1,0,0,0,0,0,1,0,2,29,7:15,0,4,0,0
504,Oscar Moller\molleos01,20,LAK,C,40,7,8,15,-3,16,1.5,2,5,0,0,4,4,0,81,535,13:22,11,46,37,49
505,Steve Montador\montast01,29,TOT,D,78,4,17,21,17,143,5,4,0,0,0,16,1,0,117,1260,16:10,60,95,0,1
505,Steve Montador\montast01,29,ANA,D,65,4,16,20,14,125,4.5,4,0,0,0,15,1,0,100,1054,16:12,51,84,0,0
505,Steve Montador\montast01,29,BOS,D,13,0,1,1,3,18,0.5,0,0,0,0,1,0,0,17,207,15:55,9,11,0,1
506,Dominic Moore\mooredo01,28,TOT,C,81,13,32,45,-2,92,3.3,8,4,1,1,27,5,0,165,1364,16:50,37,72,665,567
506,Dominic Moore\mooredo01,28,TOR,C,63,12,29,41,-1,69,3.3,7,4,1,1,25,4,0,132,1090,17:18,29,63,544,451
506,Dominic Moore\mooredo01,28,BUF,C,18,1,3,4,-1,23,0,1,0,0,0,2,1,0,33,274,15:12,8,9,121,116
507,Ethan Moreau\moreaet01,33,EDM,LW,77,14,12,26,0,133,1.9,13,0,1,2,12,0,0,159,1183,15:22,41,126,11,25
508,Derek Morris\morride01,30,TOT,D,75,5,15,20,-10,40,3.8,4,0,1,0,9,5,1,120,1567,20:53,128,83,0,0
508,Derek Morris\morride01,30,PHX,D,57,5,7,12,-13,24,2.1,4,0,1,0,4,2,1,89,1212,21:16,96,66,0,0
508,Derek Morris\morride01,30,NYR,D,18,0,8,8,3,16,1.7,0,0,0,0,5,3,0,31,354,19:41,32,17,0,0
509,Brendan Morrison\morribr01,33,TOT,C,81,16,15,31,3,32,2.9,13,3,0,4,11,4,0,111,1151,14:13,15,33,204,246
509,Brendan Morrison\morribr01,33,ANA,C,62,10,12,22,0,16,1.7,9,1,0,2,9,3,0,82,859,13:51,14,27,161,189
509,Brendan Morrison\morribr01,33,DAL,C,19,6,3,9,3,16,1.1,4,2,0,2,2,1,0,29,292,15:23,1,6,43,57
510,Shaone Morrisonn\morrish01,26,WSH,D,72,3,10,13,4,77,2.7,3,0,0,1,10,0,0,50,1295,17:59,98,111,0,0
511,Brenden Morrow\morrobr01,30,DAL,LW,18,5,10,15,-4,49,1.2,3,2,0,0,7,3,0,52,384,21:21,10,53,3,6
512,Dave Moss\mossda01,27,CGY,RW,81,20,19,39,-5,22,3.9,12,8,0,4,15,3,1,194,1101,13:36,24,95,23,23
513,Mike Mottau\mottami01,30,NJD,D,80,1,14,15,24,35,4.7,1,0,0,0,12,1,1,71,1423,17:47,81,41,0,0
514,Joe Motzko\motzkjo01,28,ATL,RW,6,1,0,1,1,0,0.1,1,0,0,0,0,0,0,8,70,11:39,1,1,1,2
515,Matt Moulson\moulsma01,25,LAK,LW,7,1,0,1,-4,2,-0.1,1,0,0,1,0,0,0,6,101,14:30,4,2,0,0
516,Peter Mueller\muellpe01,20,PHX,RW,72,13,23,36,-7,24,2.9,8,5,0,4,17,6,0,138,1158,16:05,24,35,41,51
517,Cory Murphy\murphco01,30,TOT,D,32,5,11,16,-4,14,2.3,1,4,0,0,5,6,0,55,575,17:57,29,13,0,0
517,Cory Murphy\murphco01,30,TBL,D,25,5,10,15,-3,12,2.2,1,4,0,0,5,5,0,47,503,20:08,27,12,0,0
517,Cory Murphy\murphco01,30,FLA,D,7,0,1,1,-1,2,0.1,0,0,0,0,0,1,0,8,71,10:10,2,1,0,0
518,Andrew Murray\murraan01,27,CBJ,C,67,8,3,11,-6,10,0.4,7,1,0,3,2,0,1,89,755,11:16,36,147,39,46
519,Douglas Murray\murrado01,28,SJS,D,75,0,7,7,6,38,2.9,0,0,0,0,7,0,0,56,1249,16:39,78,175,0,0
520,Garth Murray\murraga01,26,PHX,C,10,0,0,0,-2,12,-0.2,0,0,0,0,0,0,0,12,93,9:20,12,13,36,44
521,Rick Nash\nashri01,24,CBJ,LW,78,40,39,79,11,52,10.1,29,6,5,5,25,13,1,263,1650,21:10,29,71,5,13
522,Markus Naslund\nasluma02,35,NYR,LW,82,24,22,46,-10,57,4.9,16,8,0,0,16,6,0,215,1409,17:11,28,55,1,1
523,James Neal\nealja01,21,DAL,LW,77,24,13,37,-11,51,3.7,15,9,0,2,12,1,0,171,1222,15:52,27,194,11,20
524,John Negrin\negrijo01,19,CGY,D,3,0,1,1,-2,2,0,0,0,0,0,1,0,0,3,30,9:59,3,0,0,0
525,Chris Neil\neilch01,29,OTT,RW,60,3,7,10,-13,146,-0.2,3,0,0,0,7,0,0,59,658,10:58,15,163,1,5
526,Kris Newbury\newbukr01,26,TOR,C,1,0,0,0,0,2,0,0,0,0,0,0,0,0,0,5,4:55,0,2,1,2
527,Scott Nichol\nichosc01,34,NSH,C,43,4,6,10,0,41,0.7,4,0,0,0,3,0,3,42,476,11:04,15,79,196,163
528,Rob Niedermayer\niedero01,34,ANA,C,79,14,7,21,-17,42,0.7,12,1,1,2,7,0,0,88,1230,15:34,42,64,26,42
529,Scott Niedermayer*\niedesc01,35,ANA,D,82,14,45,59,-8,70,8.7,5,9,0,2,18,23,4,178,2207,26:55:00,77,68,0,1
530,Frans Nielsen\nielsfr01,24,NYI,C,59,9,24,33,-4,18,2.6,5,3,1,2,10,13,1,101,976,16:32,39,29,358,400
531,Alexander Nikulin\nikulal01,23,PHX,C,1,0,0,0,-1,0,0,0,0,0,0,0,0,0,1,6,5:35,0,0,0,3
532,Robert Nilsson\nilssro01,24,EDM,LW,64,9,20,29,1,26,2.1,5,4,0,1,13,7,0,77,972,15:11,14,37,4,6
533,Janne Niskala\niskaja01,27,TBL,D,6,1,2,3,0,6,0.5,0,1,0,0,2,0,0,10,82,13:42,1,5,0,0
534,Matt Niskanen\niskama01,22,DAL,D,80,6,29,35,-11,52,4.8,4,2,0,0,21,8,0,111,1598,19:58,64,87,0,0
535,Andreas Nodl\nodlan01,21,PHI,RW,38,1,3,4,-15,2,-0.9,1,0,0,0,3,0,0,33,424,11:09,14,40,0,0
536,Petteri Nokelainen\nokelpe01,23,TOT,C,50,4,5,9,2,16,0.4,3,0,1,0,5,0,0,56,563,11:15,23,46,156,136
536,Petteri Nokelainen\nokelpe01,23,BOS,C,33,0,3,3,-1,10,-0.3,0,0,0,0,3,0,0,30,319,9:40,10,30,54,33
536,Petteri Nokelainen\nokelpe01,23,ANA,C,17,4,2,6,3,6,0.7,3,0,1,0,2,0,0,26,244,14:20,13,16,102,103
537,Owen Nolan\nolanow01,36,MIN,RW,59,25,20,45,5,26,6.2,13,12,0,5,15,5,0,148,967,16:24,12,37,75,86
538,Jiri Novotny\novotji01,25,CBJ,C,42,4,3,7,4,14,0.3,3,0,1,0,3,0,0,56,560,13:21,15,74,155,138
539,Teppo Numminen\nummite01,40,BUF,D,57,2,15,17,-4,22,2.7,1,1,0,1,10,5,0,34,998,17:30,45,12,0,0
540,Lawrence Nycholat\nychola01,29,TOT,D,19,0,1,1,1,6,0.4,0,0,0,0,1,0,0,9,188,9:55,8,11,0,0
540,Lawrence Nycholat\nychola01,29,VAN,D,14,0,1,1,3,6,0.5,0,0,0,0,1,0,0,8,136,9:41,8,10,0,0
540,Lawrence Nycholat\nychola01,29,COL,D,5,0,0,0,-2,0,-0.1,0,0,0,0,0,0,0,1,53,10:33,0,1,0,0
541,Michael Nylander\nylanmi01,36,WSH,C,72,9,24,33,0,32,2.5,5,4,0,2,18,6,0,87,1011,14:02,16,9,290,342
542,Eric Nystrom\nystrer01,25,CGY,LW,76,5,5,10,-7,89,0,4,0,1,3,3,0,2,83,704,9:16,35,76,11,18
543,Shane O'Brien\obriesh01,25,TOT,D,77,0,10,10,5,196,2.4,0,0,0,0,10,0,0,39,1149,14:55,51,79,0,0
543,Shane O'Brien\obriesh01,25,VAN,D,76,0,10,10,6,196,2.5,0,0,0,0,10,0,0,39,1135,14:56,50,78,0,0
543,Shane O'Brien\obriesh01,25,TBL,D,1,0,0,0,-1,0,-0.1,0,0,0,0,0,0,0,0,14,14:04,1,1,0,0
544,Ryan O'Byrne\obyrnry01,24,MTL,D,37,0,5,5,-7,58,0.5,0,0,0,0,5,0,0,14,559,15:06,41,77,0,0
545,Sean O'Donnell\odonnse01,37,LAK,D,82,0,12,12,2,71,4.2,0,0,0,0,12,0,0,32,1680,20:29,85,77,0,1
546,Wes O'Neill\oneilwe01,22,COL,D,3,0,0,0,-2,4,-0.1,0,0,0,0,0,0,0,1,33,10:52,3,5,0,0
547,Cal O'Reilly\oreilca01,22,NSH,C,11,3,2,5,2,2,0.7,3,0,0,0,2,0,0,6,139,12:36,2,0,35,53
548,Patrick O'Sullivan\osullpa01,23,TOT,LW,81,16,27,43,-6,28,3.7,13,2,1,1,20,7,0,259,1551,19:09,36,66,41,58
548,Patrick O'Sullivan\osullpa01,23,LAK,LW,62,14,23,37,1,16,3.8,11,2,1,1,17,6,0,200,1205,19:26,29,60,18,21
548,Patrick O'Sullivan\osullpa01,23,EDM,LW,19,2,4,6,-7,12,-0.1,2,0,0,0,3,1,0,59,346,18:14,7,6,23,37
549,Johnny Oduya\oduyajo01,27,NJD,D,82,7,22,29,21,30,6.7,5,1,1,4,18,4,0,108,1712,20:52,127,50,0,0
550,Mattias Ohlund\ohlunma01,32,VAN,D,82,6,19,25,14,105,5.8,3,3,0,1,13,5,1,131,1769,21:34,150,108,0,0
551,Kyle Okposo\okposky01,20,NYI,RW,65,18,21,39,-6,36,3.8,9,9,0,3,16,4,1,165,1171,18:01,30,64,5,10
552,Rostislav Olesz\oleszro01,23,FLA,LW,37,4,5,9,-5,8,0.3,4,0,0,0,4,1,0,69,488,13:12,11,38,1,4
553,Peter Olvecky\olvecpe01,23,MIN,LW,31,2,5,7,1,12,0.6,2,0,0,1,3,2,0,19,277,8:55,15,14,63,95
554,Ben Ondrus\ondrube01,26,TOR,RW,11,0,0,0,-4,34,-0.4,0,0,0,0,0,0,0,2,104,9:27,4,15,12,15
555,Phil Oreskovic\oreskph01,22,TOR,D,10,1,1,2,-2,21,0.2,1,0,0,0,1,0,0,12,162,16:14,8,22,0,0
556,Brooks Orpik\orpikbr01,28,PIT,D,79,2,17,19,10,73,3.9,1,1,0,0,16,1,0,39,1606,20:20,152,309,0,0
557,Colton Orr\orrco01,26,NYR,RW,82,1,4,5,-15,193,-0.7,1,0,0,0,4,0,0,40,532,6:29,14,133,4,12
558,Jed Ortmeyer\ortmeje01,30,NSH,RW,2,0,0,0,0,0,0,0,0,0,0,0,0,0,4,22,11:01,0,3,0,0
559,Oskar Osala\osalaos01,21,WSH,LW,2,0,0,0,-1,0,-0.1,0,0,0,0,0,0,0,1,17,8:44,0,0,0,0
560,T.J. Oshie\oshietj01,22,STL,C,57,14,25,39,16,30,4.8,7,6,1,1,15,7,3,101,945,16:35,21,66,47,62
561,Steve Ott\ottst01,26,DAL,C,64,19,27,46,3,135,4.8,14,5,0,0,20,7,0,132,1125,17:35,23,220,80,92
562,Michel Ouellet\ouellmi01,26,VAN,RW,3,0,0,0,1,0,0,0,0,0,0,0,0,0,3,29,9:39,2,3,0,1
563,Alex Ovechkin\ovechal01,23,WSH,LW,79,56,54,110,8,72,14.5,36,19,1,10,27,27,0,528,1817,23:00,32,243,8,24
564,Nathan Oystrick\oystrna01,26,ATL,D,53,4,8,12,-2,50,1.9,4,0,0,0,6,2,0,43,834,15:45,54,91,0,0
565,Max Pacioretty\pacioma01,20,MTL,LW,34,3,8,11,-3,27,0.6,2,1,0,0,6,2,0,57,429,12:37,19,44,1,1
566,Cam Paddock\paddoca01,25,STL,C,16,2,1,3,-4,0,0.1,2,0,0,0,1,0,0,17,171,10:41,4,7,40,47
567,Nathan Paetsch\paetsna01,25,BUF,D,23,2,4,6,3,25,1.4,2,0,0,0,3,1,0,21,280,12:11,13,11,0,0
568,Samuel Pahlsson\pahlssa01,31,TOT,C,65,7,11,18,-17,34,-0.3,6,1,0,2,9,2,0,88,1189,18:17,21,121,662,574
568,Samuel Pahlsson\pahlssa01,31,ANA,C,52,5,10,15,-16,32,-0.3,4,1,0,1,8,2,0,74,962,18:31,15,91,569,494
568,Samuel Pahlsson\pahlssa01,31,CHI,C,13,2,1,3,-1,2,0,2,0,0,1,1,0,0,14,226,17:25,6,30,93,80
569,Daniel Paille\paillda01,24,BUF,LW,73,12,15,27,0,20,2.6,12,0,0,2,13,0,2,80,869,11:54,27,84,3,14
570,Jay Pandolfo\pandoja01,34,NJD,LW,61,5,5,10,-12,10,-0.6,4,0,1,1,5,0,0,63,905,14:50,30,41,4,14
571,Adam Pardy\pardyad01,24,CGY,D,60,1,9,10,3,69,2.1,1,0,0,0,9,0,0,38,900,15:00,44,76,0,0
572,Ryan Parent\parenry01,21,PHI,D,31,0,4,4,3,10,1,0,0,0,0,4,0,0,9,564,18:12,39,33,0,0
573,Zach Parise\parisza01,24,NJD,LW,82,45,49,94,30,24,12.8,31,14,0,8,30,16,3,364,1538,18:45,17,65,54,66
574,Richard Park\parkri01,32,NYI,RW,71,14,17,31,-13,34,2.2,8,4,2,1,12,3,2,138,1219,17:10,49,31,396,413
575,Mark Parrish\parrima01,31,DAL,RW,44,8,5,13,-3,18,1.2,4,4,0,3,4,1,0,46,496,11:16,21,30,1,4
576,George Parros\parroge01,29,ANA,RW,74,5,5,10,8,135,1,5,0,0,0,5,0,0,47,463,6:16,14,89,0,3
577,Joe Pavelski\paveljo01,24,SJS,C,80,25,34,59,5,46,6.4,14,8,3,3,18,15,1,266,1517,18:58,74,82,718,556
578,Michael Peca\pecami01,34,CBJ,C,71,4,18,22,-6,58,0.7,4,0,0,2,16,1,1,74,1001,14:06,56,54,417,422
579,Theo Peckham\peckhth01,21,EDM,D,15,0,0,0,-1,59,0,0,0,0,0,0,0,0,8,174,11:38,21,22,0,0
580,Matt Pelech\pelecma01,21,CGY,D,5,0,3,3,1,9,0.4,0,0,0,0,3,0,0,4,66,13:16,3,5,0,0
581,Pascal Pelletier\pellepa01,25,CHI,LW,7,0,0,0,-4,0,-0.3,0,0,0,0,0,0,0,7,64,9:08,1,2,13,20
582,Derek Peltier\peltide01,23,COL,D,11,0,0,0,-4,2,-0.1,0,0,0,0,0,0,0,7,146,13:15,13,2,0,0
583,Ville Peltonen\peltovi01,35,FLA,LW,79,12,19,31,6,31,2.5,12,0,0,1,18,1,0,121,1205,15:15,30,60,18,46
584,Dustin Penner\pennedu01,26,EDM,LW,78,17,20,37,7,61,3.6,12,5,0,5,14,6,0,137,1200,15:23,33,77,54,60
585,Joel Perrault\perrajo01,25,PHX,C,7,2,1,3,2,4,0.5,2,0,0,0,0,1,0,15,90,12:52,2,5,34,42
586,Eric Perrin\perrier01,33,ATL,C,78,7,16,23,-2,36,0.8,5,1,1,0,12,1,3,109,1106,14:11,28,47,111,102
587,David Perron\perroda01,20,STL,LW,81,15,35,50,13,50,5.6,11,4,0,3,24,11,0,161,1177,14:32,18,78,1,5
588,Corey Perry\perryco01,23,ANA,RW,78,32,40,72,10,109,8.5,22,10,0,8,26,14,0,283,1451,18:36,13,109,9,22
589,Janne Pesonen\pesonja01,26,PIT,LW,7,0,0,0,-3,0,-0.2,0,0,0,0,0,0,0,3,52,7:27,1,3,0,3
590,Andrew Peters\peteran01,28,BUF,LW,28,0,1,1,-2,81,-0.2,0,0,0,0,1,0,0,10,113,4:01,2,10,0,1
591,Warren Peters\peterwa01,26,CGY,C,16,1,0,1,-2,12,-0.1,1,0,0,0,0,0,0,13,113,7:05,4,27,40,29
592,Toby Petersen\peterto01,30,DAL,C,57,4,7,11,1,14,0.4,4,0,0,0,7,0,0,80,651,11:25,34,52,128,155
593,Richard Petiot\petiori01,26,TBL,D,11,0,3,3,5,21,0.9,0,0,0,0,3,0,0,10,227,20:37,14,30,0,0
594,Jakub Petruzalek\petruja01,23,CAR,C,2,0,1,1,1,0,0.1,0,0,0,0,1,0,0,0,16,8:05,0,1,4,3
595,Matt Pettinger\pettima01,28,TBL,LW,59,8,7,15,-14,24,0.5,6,2,0,1,7,0,0,82,727,12:19,31,93,3,15
596,Rich Peverley\peverri01,26,TOT,C,66,15,29,44,13,33,4.8,12,2,1,5,23,5,1,117,1062,16:05,24,25,354,330
596,Rich Peverley\peverri01,26,ATL,C,39,13,22,35,16,18,4.2,10,2,1,5,18,3,1,75,734,18:49,15,16,290,264
596,Rich Peverley\peverri01,26,NSH,C,27,2,7,9,-3,15,0.5,2,0,0,0,5,2,0,42,328,12:08,9,9,64,66
597,Dion Phaneuf\phanedi01,23,CGY,D,80,11,36,47,-11,100,6.9,7,4,0,4,19,17,0,277,2122,26:32:00,85,157,0,0
598,Chris Phillips\phillch02,30,OTT,D,82,6,16,22,-14,66,4.2,5,0,1,0,11,3,2,88,1793,21:52,114,113,0,0
599,Alexandre Picard\picaral01,23,OTT,D,47,6,8,14,-2,8,3.1,0,6,0,1,4,4,0,72,887,18:52,52,49,0,0
600,Alexandre Picard\picaral02,23,CBJ,LW,15,0,1,1,-1,26,-0.1,0,0,0,0,1,0,0,10,103,6:53,3,28,0,0
601,Alex Pietrangelo\pietral01,19,STL,D,8,0,1,1,0,2,0.3,0,0,0,0,0,1,0,7,132,16:31,2,3,0,0
602,Antti Pihlstrom\pihlsan01,24,NSH,LW,53,2,5,7,-1,10,-0.1,1,1,0,0,5,0,0,88,607,11:27,16,100,0,1
603,Fernando Pisani\pisanfe01,32,EDM,RW,38,7,8,15,-1,14,1.1,7,0,0,0,7,0,1,72,582,15:19,12,48,50,73
604,Joni Pitkanen\pitkajo01,25,CAR,D,71,7,26,33,11,58,7.1,5,2,0,3,14,12,0,147,1761,24:48:00,125,62,0,0
605,Tomas Plekanec\plekato01,26,MTL,C,80,20,19,39,-9,54,3.5,11,6,3,2,13,6,0,202,1380,17:15,38,53,684,667
606,Tomas Plihal\plihato01,25,SJS,LW,64,5,8,13,-4,22,0.7,4,0,1,1,8,0,0,79,649,10:08,14,63,131,117
607,Thomas Pock\pockth01,27,NYI,D,59,1,2,3,-17,35,-0.1,1,0,0,0,1,0,1,51,750,12:42,59,53,0,0
608,Roman Polak\polakro01,22,STL,D,69,1,14,15,-15,45,2.5,1,0,0,1,7,5,2,73,1486,21:32,109,110,0,1
609,Jason Pominville\pominja01,26,BUF,RW,82,20,46,66,-4,18,6.1,13,6,1,2,28,18,0,239,1620,19:46,50,44,25,42
610,Alexei Ponikarovsky\ponikal01,28,TOR,LW,82,23,38,61,6,38,6.4,18,5,0,3,30,8,0,185,1294,15:47,53,104,6,5
611,Chris Porter\portech01,24,STL,C,6,1,1,2,-1,0,0.2,1,0,0,0,1,0,0,7,63,10:32,3,3,1,2
612,Kevin Porter\porteke01,22,PHX,C,34,5,5,10,-2,4,0.7,4,1,0,2,4,1,0,39,463,13:38,13,37,28,67
613,Brian Pothier\pothibr01,31,WSH,D,9,1,2,3,0,4,0.5,1,0,0,1,1,1,0,8,149,16:35,9,9,0,0
614,Tom Poti\potito01,31,WSH,D,52,3,10,13,3,28,2.5,3,0,0,1,7,2,1,48,1100,21:09,97,31,0,0
615,Corey Potter\potteco01,25,NYR,D,5,1,1,2,-1,0,0.3,1,0,0,0,1,0,0,4,66,13:15,8,4,0,0
616,Ryan Potulny\potulry01,24,EDM,C,8,0,3,3,2,0,0.2,0,0,0,0,3,0,0,9,84,10:29,1,5,1,9
617,Benoit Pouliot\poulibe01,22,MIN,LW,37,5,6,11,1,18,1.1,3,2,0,1,4,2,0,34,438,11:51,2,21,93,124
618,Marc Pouliot\poulima01,23,EDM,C,63,8,12,20,1,23,1.6,8,0,0,2,10,2,0,94,725,11:30,19,42,102,109
619,Darroll Powe\poweda01,23,PHI,C,60,6,5,11,-8,35,0.3,6,0,0,0,5,0,0,72,632,10:32,31,124,128,135
620,Tom Preissing\preisto01,30,LAK,D,22,3,4,7,-7,6,1.1,1,2,0,0,1,3,0,40,368,16:45,21,15,0,0
621,Wayne Primeau\primewa01,32,CGY,C,24,0,4,4,-3,14,-0.2,0,0,0,0,4,0,0,22,249,10:23,13,15,115,102
622,Chris Pronger*\prongch01,34,ANA,D,82,11,37,48,0,88,7.9,7,4,0,2,12,24,1,196,2209,26:56:00,122,78,2,5
623,Vinny Prospal\prospva01,33,TBL,LW,82,19,26,45,-20,52,3.2,12,7,0,2,18,8,0,194,1450,17:41,28,126,107,95
624,Petr Prucha\pruchpe01,26,TOT,LW,47,6,13,19,-1,22,1.5,5,1,0,1,9,4,0,67,690,14:41,24,76,1,7
624,Petr Prucha\pruchpe01,26,NYR,LW,28,4,5,9,-2,16,0.8,4,0,0,0,5,0,0,44,340,12:09,13,46,0,0
624,Petr Prucha\pruchpe01,26,PHX,LW,19,2,8,10,1,6,0.7,1,1,0,1,4,4,0,23,350,18:26,11,30,1,7
625,Brandon Prust\prustbr01,24,TOT,RW,36,1,2,3,-8,108,-0.4,1,0,0,1,2,0,0,23,269,7:28,9,24,17,14
625,Brandon Prust\prustbr01,24,CGY,RW,25,1,1,2,-4,79,-0.1,1,0,0,1,1,0,0,15,159,6:21,4,11,8,7
625,Brandon Prust\prustbr01,24,PHX,RW,11,0,1,1,-4,29,-0.2,0,0,0,0,1,0,0,8,110,9:59,5,13,9,7
626,Teddy Purcell\purcete01,23,LAK,RW,40,4,12,16,-4,4,1.2,2,2,0,1,4,8,0,68,541,13:31,5,13,5,24
627,Taylor Pyatt\pyattta01,27,VAN,LW,69,10,9,19,0,43,1.1,10,0,0,1,8,1,0,99,1015,14:43,35,86,16,16
628,Kevin Quick\quickke01,20,TBL,D,6,0,1,1,0,0,0.2,0,0,0,0,0,1,0,7,80,13:23,3,1,0,0
629,Kyle Quincey\quincky01,23,LAK,D,72,4,34,38,-5,63,6.6,2,2,0,2,8,25,1,150,1511,20:59,75,116,0,0
630,Nate Raduns\radunna01,24,PHI,C,1,0,0,0,0,0,0,0,0,0,0,0,0,0,0,6,6:02,2,1,0,1
631,Brian Rafalski\rafalbr01,35,DET,D,78,10,49,59,17,20,9.4,5,5,0,1,26,23,0,141,1808,23:10,64,31,0,0
632,Paul Ranger\rangepa01,24,TBL,D,42,2,11,13,-5,56,1.9,2,0,0,0,6,5,0,69,1029,24:30:00,72,63,0,0
633,Mason Raymond\raymoma01,23,VAN,LW,72,11,12,23,2,24,1.8,7,4,0,0,6,6,0,145,987,13:43,18,42,17,33
634,Marty Reasoner\reasoma01,31,ATL,C,79,14,16,30,11,36,2.6,13,0,1,2,11,0,5,131,1209,15:19,60,41,603,538
635,Mark Recchi*\recchma01,40,TOT,RW,80,23,38,61,-18,22,5.5,17,6,0,3,17,21,0,129,1342,16:46,27,104,24,32
635,Mark Recchi*\recchma01,40,TBL,RW,62,13,32,45,-15,20,3.5,11,2,0,1,14,18,0,97,1047,16:53,24,78,22,32
635,Mark Recchi*\recchma01,40,BOS,RW,18,10,6,16,-3,2,2,6,4,0,2,3,3,0,32,295,16:22,3,26,2,0
636,Joel Rechlicz\rechljo01,21,NYI,RW,17,0,1,1,-1,68,-0.1,0,0,0,0,1,0,0,7,83,4:52,3,25,0,0
637,Wade Redden\reddewa01,31,NYR,D,81,3,23,26,-5,51,5.6,1,2,0,0,16,6,1,161,1809,22:20,98,99,0,0
638,Liam Reddox\reddoli01,23,EDM,LW,46,5,7,12,-6,10,0.6,4,1,0,0,7,0,0,39,482,10:28,21,61,11,14
639,Robyn Regehr\regehro01,28,CGY,D,75,0,8,8,10,73,2.9,0,0,0,0,8,0,0,79,1586,21:09,89,122,0,0
640,Steve Regier\regiest01,24,STL,LW,8,3,1,4,-1,4,0.6,1,2,0,0,1,0,0,11,88,10:59,5,8,3,4
641,Peter Regin\reginpe01,22,OTT,C,11,1,1,2,0,2,0.1,1,0,0,1,1,0,0,7,116,10:32,3,9,41,36
642,Steve Reinprecht\reinpst01,32,PHX,C,73,14,27,41,0,20,3.8,11,3,0,3,23,4,0,95,1161,15:54,54,24,406,471
643,Erik Reitz\reitzer01,26,TOT,D,42,1,1,2,-6,65,0.6,1,0,0,0,1,0,0,22,419,9:58,43,81,0,0
643,Erik Reitz\reitzer01,26,MIN,D,31,1,1,2,-2,41,0.7,1,0,0,0,1,0,0,15,306,9:52,34,58,0,0
643,Erik Reitz\reitzer01,26,NYR,D,11,0,0,0,-4,24,-0.1,0,0,0,0,0,0,0,7,113,10:16,9,23,0,0
644,Michal Repik\repikmi01,20,FLA,RW,5,2,0,2,1,2,0.4,2,0,0,0,0,0,0,7,38,7:32,2,8,1,0
645,Mike Ribeiro\ribeimi01,28,DAL,C,82,22,56,78,-4,52,7.1,15,7,0,1,40,16,0,163,1718,20:57,28,117,563,677
646,Brad Richards\richabr01,28,DAL,C,56,16,32,48,-4,6,4.4,11,5,0,2,16,14,2,180,1147,20:29,22,11,461,450
647,Mike Richards\richami02,23,PHI,C,79,30,50,80,22,63,9.4,15,8,7,4,23,25,2,238,1717,21:44,90,147,813,847
648,Brad Richardson\richabr02,23,LAK,RW,31,0,5,5,-6,11,-0.2,0,0,0,0,5,0,0,37,335,10:48,4,26,52,43
649,Luke Richardson\richalu01,39,OTT,D,2,0,0,0,-3,2,-0.2,0,0,0,0,0,0,0,0,26,12:45,0,2,0,0
650,Patrick Rissmiller\rissmpa01,30,NYR,LW,2,0,0,0,-2,0,-0.1,0,0,0,0,0,0,0,2,18,9:13,0,5,0,0
651,Craig Rivet\rivetcr01,34,BUF,D,64,2,22,24,4,125,4.3,1,1,0,0,11,10,1,80,1295,20:14,73,57,0,0
652,Gary Roberts\roberga01,42,TBL,LW,30,4,3,7,-11,27,0.1,2,2,0,1,1,2,0,32,349,11:39,3,38,1,1
653,Stephane Robidas\robidst01,31,DAL,D,72,3,23,26,10,76,5.4,2,1,0,0,14,8,1,158,1767,24:32:00,109,221,1,0
654,Bryan Rodney\rodnebr01,24,CAR,D,8,0,2,2,-3,2,0.1,0,0,0,0,0,2,0,3,101,12:38,6,2,0,0
655,Jeremy Roenick\roenije01,39,SJS,C,42,4,9,13,-1,24,0.9,3,1,0,0,7,2,0,50,489,11:39,14,54,109,123
656,Brian Rolston\rolstbr01,35,NJD,LW,64,15,17,32,2,30,3.2,7,8,0,3,9,8,0,174,967,15:06,9,42,83,97
657,Aaron Rome\romeaa01,25,CBJ,D,8,0,1,1,1,0,0.3,0,0,0,0,1,0,0,7,124,15:28,8,12,0,0
658,Jared Ross\rossja01,26,PHI,C,10,0,0,0,-4,2,-0.3,0,0,0,0,0,0,0,12,77,7:44,3,3,27,21
659,Andre Roy\royan01,33,CGY,LW,44,3,0,3,-1,83,0.1,3,0,0,1,0,0,0,26,242,5:29,0,41,1,0
660,Derek Roy\royde01,25,BUF,C,82,28,42,70,-5,38,7.1,18,9,1,9,21,21,0,221,1738,21:12,44,41,745,724
661,Michal Rozsival\rozsimi01,30,NYR,D,76,8,22,30,-7,52,6.2,5,3,0,2,9,11,2,120,1711,22:31,113,90,0,0
662,Mike Rupp\ruppmi01,29,NJD,C,72,3,6,9,-2,136,0,3,0,0,0,6,0,0,76,628,8:44,13,136,46,44
663,Kris Russell\russekr01,21,CBJ,D,66,2,19,21,-10,28,2.6,1,1,0,1,9,10,0,86,1064,16:07,62,50,0,0
664,Jarkko Ruutu\ruutuja01,33,OTT,LW,78,7,14,21,0,144,1.6,6,0,1,0,12,0,2,89,913,11:43,37,148,2,6
665,Tuomo Ruutu\ruututu01,25,CAR,LW,79,26,28,54,0,79,6,16,10,0,4,21,7,0,190,1447,18:19,44,228,19,18
666,Bobby Ryan\ryanbo01,21,ANA,RW,64,31,26,57,13,33,7.8,19,12,0,3,15,11,0,174,988,15:26,10,78,6,7
667,Michael Ryan\ryanmi01,28,CAR,LW,18,0,2,2,-3,2,-0.2,0,0,0,0,2,0,0,24,148,8:12,4,9,1,5
668,Michael Ryder\rydermi01,28,BOS,RW,74,27,26,53,28,26,7.4,17,10,0,7,19,7,0,185,1104,14:55,19,103,7,8
669,Rick Rypien\rypieri01,24,VAN,C,12,3,0,3,-3,19,0.3,2,0,1,0,0,0,0,16,112,9:20,7,22,9,9
670,Joe Sakic*\sakicjo01,39,COL,C,15,2,10,12,-6,6,0.8,2,0,0,0,4,6,0,46,272,18:07,5,7,117,99
671,Brian Salcido\salcibr01,23,ANA,D,2,0,1,1,2,0,0.3,0,0,0,0,1,0,0,1,25,12:18,3,2,0,0
672,Ruslan Salei\saleiru01,34,COL,D,70,4,17,21,-4,72,4.5,3,1,0,0,11,6,0,93,1477,21:06,143,107,0,0
673,Anssi Salmela\salmean01,24,TOT,D,26,1,5,6,1,8,1.1,0,1,0,0,5,0,0,41,416,15:59,27,24,0,0
673,Anssi Salmela\salmean01,24,NJD,D,17,0,3,3,1,6,0.6,0,0,0,0,3,0,0,33,258,15:10,15,17,0,0
673,Anssi Salmela\salmean01,24,ATL,D,9,1,2,3,0,2,0.5,0,1,0,0,2,0,0,8,158,17:31,12,7,0,0
674,Sami Salo\salosa01,34,VAN,D,60,5,20,25,5,26,4.5,0,5,0,2,11,9,0,110,1211,20:11,65,44,0,0
675,Bryce Salvador\salvabr01,32,NJD,D,76,3,13,16,-1,78,3,3,0,0,2,11,0,2,68,1481,19:29,147,121,1,0
676,Sergei Samsonov\samsose01,30,CAR,LW,81,16,32,48,-8,28,4.1,13,3,0,3,16,16,0,155,1403,17:19,28,32,4,3
677,Mikael Samuelsson\samuemi01,32,DET,RW,81,19,21,40,0,50,3.5,12,7,0,1,8,13,0,257,1245,15:22,23,91,2,6
678,Mike Santorelli\santomi01,23,NSH,C,7,0,0,0,-5,2,-0.3,0,0,0,0,0,0,0,11,86,12:15,1,3,21,26
679,Cory Sarich\saricco01,30,CGY,D,76,2,18,20,12,112,4.4,2,0,0,0,15,1,2,57,1359,17:53,70,132,0,0
680,Miroslav Satan\satanmi01,34,PIT,RW,65,17,19,36,3,36,3.7,11,6,0,2,14,5,0,120,1024,15:45,10,20,5,7
681,Kurt Sauer\sauerku01,28,PHX,D,68,1,6,7,-1,36,2.4,1,0,0,0,5,0,1,33,1402,20:37,121,91,0,1
682,Michael Sauer\sauermi01,21,NYR,D,3,0,0,0,-1,0,0,0,0,0,0,0,0,0,2,28,9:21,3,2,0,0
683,Marc Savard\savarma01,31,BOS,C,82,25,63,88,25,70,9.8,16,9,0,5,40,21,2,213,1602,19:32,19,24,635,641
684,Raymond Sawada\sawadra01,23,DAL,RW,5,1,0,1,-1,0,0.1,1,0,0,0,0,0,0,2,43,8:42,1,12,0,0
685,Luca Sbisa\sbisalu01,19,PHI,D,39,0,7,7,-6,36,0.7,0,0,0,0,3,4,0,38,682,17:29,48,46,0,0
686,Luke Schenn\schenlu01,19,TOR,D,70,2,12,14,-12,71,1.4,1,1,0,0,12,0,0,102,1507,21:32,115,204,0,0
687,David Schlemko\schleda01,21,PHX,D,3,0,1,1,-2,0,0,0,0,0,0,0,1,0,3,58,19:16,3,6,0,0
688,Mathieu Schneider\schnema01,39,TOT,D,67,9,23,32,-12,64,4.2,3,6,0,2,10,12,1,128,1407,21:00,118,71,0,0
688,Mathieu Schneider\schnema01,39,ATL,D,44,4,11,15,-10,50,1.6,3,1,0,0,6,4,1,82,926,21:02,76,57,0,0
688,Mathieu Schneider\schnema01,39,MTL,D,23,5,12,17,-2,14,2.6,0,5,0,2,4,8,0,46,482,20:57,42,14,0,0
689,Rob Schremp\schrero01,22,EDM,C,4,0,3,3,2,2,0.3,0,0,0,0,3,0,0,3,54,13:35,0,3,1,1
690,Christoph Schubert\schubch01,26,OTT,LW,50,3,3,6,-8,26,-0.4,2,1,0,0,2,1,0,57,680,13:36,43,108,0,0
691,Jeff Schultz\schulje02,22,WSH,D,64,1,11,12,13,21,3.1,0,0,1,0,11,0,0,40,1265,19:46,93,53,0,0
692,Nick Schultz\schulni01,26,MIN,D,79,2,9,11,-4,31,4,2,0,0,0,7,0,2,48,1624,20:33,152,78,0,1
693,John Scott\scottjo01,26,MIN,D,20,0,1,1,-1,21,0.4,0,0,0,0,1,0,0,6,185,9:14,21,17,0,0
694,Rob Scuderi\scudero01,30,PIT,D,81,1,15,16,23,18,4.5,1,0,0,0,15,0,0,51,1552,19:10,164,61,0,0
695,Brent Seabrook\seabrbr01,23,CHI,D,82,8,18,26,23,62,6.7,4,3,1,1,13,5,0,132,1912,23:19,113,224,0,0
696,Daniel Sedin\sedinda01,28,VAN,LW,82,31,51,82,24,36,9.9,22,9,0,7,36,15,0,285,1541,18:48,15,13,14,19
697,Henrik Sedin\sedinhe01,28,VAN,C,82,22,60,82,22,48,8.7,18,4,0,8,38,22,0,143,1601,19:31,16,17,664,682
698,Brandon Segal\segalbr01,25,TBL,RW,2,0,0,0,0,0,-0.1,0,0,0,0,0,0,0,2,28,13:48,1,4,0,0
699,Dennis Seidenberg\seidede01,27,CAR,D,70,5,25,30,-9,37,4.8,3,2,0,1,16,9,0,129,1563,22:20,160,146,0,0
700,Andrej Sekera\sekeran01,22,BUF,D,69,3,16,19,-11,22,2.9,2,1,0,1,12,4,0,84,1428,20:42,94,64,0,1
701,Teemu Selanne*\selante01,38,ANA,RW,65,27,27,54,-3,36,6.3,11,16,0,5,15,12,0,186,1072,16:29,5,18,110,114
702,Alexei Semenov\semenal01,27,SJS,D,47,1,7,8,3,57,2,1,0,0,0,6,1,0,28,613,13:03,30,53,0,1
703,Alexander Semin\seminal01,24,WSH,RW,62,34,45,79,25,77,10.7,26,8,0,8,21,22,2,223,1193,19:14,10,22,12,12
704,Tim Sestito\sestiti01,24,EDM,LW,1,0,0,0,0,0,0,0,0,0,0,0,0,0,1,6,5:53,0,3,1,1
705,Devin Setoguchi\setogde01,22,SJS,RW,81,31,34,65,16,25,8.4,20,11,0,3,22,12,0,246,1313,16:13,30,146,6,15
706,Brendan Shanahan*\shanabr01,40,NJD,LW,34,6,8,14,-2,29,1.1,4,2,0,1,7,1,0,77,506,14:54,21,18,12,15
707,Ryan Shannon\shannry01,25,OTT,RW,35,8,12,20,-1,2,2.1,5,3,0,1,8,4,0,61,528,15:04,16,21,2,4
708,Patrick Sharp\sharppa01,27,CHI,C,61,26,18,44,6,41,5.4,17,9,0,4,8,9,1,184,1095,17:57,21,44,258,307
709,Jody Shelley\shelljo01,32,SJS,LW,70,2,2,4,-6,116,-0.3,2,0,0,1,2,0,0,44,433,6:11,7,125,3,4
710,James Sheppard\sheppja01,20,MIN,C,82,5,19,24,-14,41,0.8,5,0,0,1,16,3,0,88,1245,15:11,47,69,361,509
711,Jaime Sifers\siferja01,26,TOR,D,23,0,2,2,-4,18,0,0,0,0,0,1,1,0,25,295,12:50,23,29,0,0
712,Mike Sillinger\sillimi01,37,NYI,C,7,2,0,2,-5,0,0.1,1,1,0,0,0,0,0,14,99,14:08,4,7,71,51
713,Jon Sim\simjo01,31,NYI,LW,49,9,6,15,-12,42,1,6,3,0,0,6,0,0,90,596,12:10,21,44,1,5
714,Wayne Simmonds\simmowa01,20,LAK,RW,82,9,14,23,-8,73,1.5,7,2,0,2,10,3,1,127,1135,13:50,42,132,9,16
715,Fredrik Sjostrom\sjostfr01,25,NYR,RW,79,7,6,13,-11,30,0.3,5,0,2,0,5,0,1,95,961,12:10,49,120,3,2
716,Jack Skille\skillja01,21,CHI,RW,8,1,0,1,-3,5,-0.1,1,0,0,0,0,0,0,14,76,9:26,0,9,0,0
717,Brett Skinner\skinnbr01,25,NYI,D,11,0,0,0,3,4,0.4,0,0,0,0,0,0,0,5,129,11:43,10,1,0,0
718,Martin Skoula\skoulma01,29,MIN,D,81,4,12,16,-12,10,4.1,4,0,0,0,11,0,1,55,1617,19:58,126,57,0,0
719,Karlis Skrastins\skraska01,34,FLA,D,80,4,14,18,9,30,4.4,4,0,0,0,13,0,1,55,1645,20:34,171,39,0,0
720,Jim Slater\slateji01,26,ATL,C,60,8,10,18,0,52,1.4,6,0,2,0,10,0,0,94,675,11:15,42,85,245,217
721,Tyler Sloan\sloanty01,27,WSH,D,26,1,4,5,4,14,1.2,1,0,0,0,4,0,0,8,433,16:39,50,33,0,0
722,David Sloane\sloanda01,23,PHI,RW,1,0,0,0,0,0,0,0,0,0,0,0,0,0,0,7,6:44,1,0,0,0
723,Matt Smaby\smabyma01,24,TBL,D,43,0,4,4,-11,50,0.1,0,0,0,0,4,0,0,28,821,19:05,68,122,1,0
724,Ladislav Smid\smidla01,22,EDM,D,60,0,11,11,-6,57,1.3,0,0,0,0,11,0,0,33,897,14:57,56,93,0,0
725,Jason Smith\smithja01,35,OTT,D,63,1,0,1,-3,47,1.4,1,0,0,1,0,0,0,53,1105,17:32,148,123,0,1
726,Trevor Smith\smithtr01,23,NYI,C,7,1,0,1,-3,0,0,1,0,0,0,0,0,0,7,83,11:48,7,8,6,3
727,Zack Smith\smithza01,20,OTT,C,1,0,0,0,0,0,0,0,0,0,0,0,0,0,0,7,7:01,0,1,0,1
728,Jerred Smithson\smithje01,29,NSH,RW,82,4,9,13,-6,49,-0.3,4,0,0,0,9,0,0,74,1135,13:51,50,140,380,342
729,Radek Smolenak\smolera01,22,TBL,LW,6,0,1,1,1,10,0.1,0,0,0,0,1,0,0,14,50,8:21,3,3,0,0
730,Jordan Smotherman\lavaljo01,22,ATL,LW,2,0,0,0,-1,0,-0.1,0,0,0,0,0,0,0,1,13,6:40,0,3,0,0
731,Ryan Smyth\smythry01,32,COL,LW,77,26,33,59,-15,62,6,15,10,1,3,23,10,0,257,1562,20:17,31,46,89,85
732,Vladimir Sobotka\sobotvl01,21,BOS,C,25,1,4,5,-10,10,-0.3,1,0,0,0,4,0,0,19,264,10:33,7,48,30,22
733,Brent Sopel\sopelbr01,32,CHI,D,23,1,1,2,-4,8,0.2,1,0,0,1,1,0,0,15,318,13:49,45,14,0,0
734,Sheldon Souray\sourash01,32,EDM,D,81,23,30,53,1,98,9.4,10,12,1,5,19,11,0,268,2012,24:51:00,69,82,0,0
735,Jaroslav Spacek\spaceja01,34,BUF,D,80,8,37,45,2,38,7.5,4,4,0,0,19,18,0,130,1782,22:17,126,78,0,0
736,Jason Spezza\spezzja01,25,OTT,C,82,32,41,73,-14,79,8.1,18,13,1,3,23,18,0,246,1615,19:41,22,26,787,690
737,Janis Sprukts\sprukja01,27,FLA,C,1,0,0,0,0,0,0,0,0,0,0,0,0,0,1,12,12:19,0,0,0,0
738,Martin St. Louis*\stlouma01,33,TBL,RW,82,30,50,80,4,14,8.4,21,7,2,3,31,18,1,262,1745,21:17,48,17,14,16
739,Martin St. Pierre\stpiema01,25,BOS,C,14,2,2,4,-1,4,0.3,1,0,1,1,2,0,0,15,160,11:24,6,8,43,58
740,Eric Staal\staaler01,24,CAR,C,82,40,35,75,15,50,9.8,25,14,1,8,24,10,1,372,1726,21:03,37,61,718,868
741,Jordan Staal\staaljo01,20,PIT,C,82,22,27,49,5,37,4.5,19,2,1,3,20,4,3,166,1627,19:51,55,156,567,639
742,Marc Staal\staalma01,22,NYR,D,82,3,12,15,-7,64,4.2,3,0,0,1,10,1,1,96,1733,21:08,75,189,0,0
743,Drew Stafford\staffdr01,23,BUF,RW,79,20,25,45,3,29,4.8,11,9,0,0,17,8,0,183,1235,15:38,18,80,4,16
744,Garrett Stafford\staffga01,29,DAL,D,3,0,2,2,0,0,0.3,0,0,0,0,2,0,0,5,54,18:00,2,4,0,0
745,Steve Staios\staiost01,35,EDM,D,80,2,12,14,-5,92,2.4,2,0,0,0,12,0,0,78,1584,19:48,157,98,0,0
746,Matt Stajan\stajama01,25,TOR,C,76,15,40,55,-4,54,4.5,9,5,1,1,32,6,2,114,1287,16:56,46,112,598,564
747,Steven Stamkos\stamkst01,18,TBL,C,79,23,23,46,-13,39,4.5,14,9,0,1,15,8,0,181,1180,14:56,17,75,253,304
748,Tim Stapleton\staplti01,26,TOR,RW,4,1,0,1,-3,0,0,1,0,0,0,0,0,0,9,60,15:06,3,2,1,4
749,Paul Stastny\stastpa01,23,COL,C,45,11,25,36,-9,22,3.1,4,7,0,2,13,12,0,118,956,21:14,37,19,440,410
750,Yan Stastny\stastya01,26,STL,C,34,3,4,7,-14,20,-0.2,3,0,0,0,3,0,1,30,433,12:45,18,25,46,56
751,Brad Staubitz\staubbr01,24,SJS,RW,35,1,2,3,0,76,0.1,1,0,0,1,2,0,0,22,218,6:13,3,56,0,2
752,David Steckel\steckda01,26,WSH,C,76,8,11,19,2,34,0.9,6,0,2,1,10,0,1,103,1050,13:49,52,91,513,373
753,Alex Steen\steenal01,24,TOT,C,81,8,20,28,-10,30,1.2,4,3,1,0,13,7,0,148,1323,16:20,54,38,102,127
753,Alex Steen\steenal01,24,STL,C,61,6,18,24,-6,24,1.4,3,2,1,0,11,7,0,117,1011,16:34,40,26,64,90
753,Alex Steen\steenal01,24,TOR,C,20,2,2,4,-4,6,-0.2,1,1,0,0,2,0,0,31,313,15:38,14,12,38,37
754,Lee Stempniak\stemple01,25,TOT,RW,75,14,30,44,-12,33,3.2,11,3,0,1,19,10,1,171,1240,16:32,37,107,4,9
754,Lee Stempniak\stemple01,25,TOR,RW,61,11,20,31,-9,31,2.1,8,3,0,0,15,5,0,128,968,15:52,34,87,4,8
754,Lee Stempniak\stemple01,25,STL,RW,14,3,10,13,-3,2,1.1,3,0,0,1,4,5,1,43,273,19:28,3,20,0,1
755,Brett Sterling\sterlbr01,24,ATL,LW,6,1,0,1,-3,2,-0.1,1,0,0,0,0,0,0,11,83,13:53,2,5,0,0
756,Anthony Stewart\stewaan01,24,FLA,RW,59,2,5,7,-6,34,-0.1,2,0,0,0,4,0,1,56,451,7:39,7,77,1,2
757,Chris Stewart\stewach02,21,COL,RW,53,11,8,19,-18,54,1.4,9,1,1,1,5,3,0,98,653,12:20,8,80,7,14
758,Greg Stewart\stewagr01,22,MTL,LW,20,0,1,1,-4,32,-0.4,0,0,0,0,1,0,0,16,172,8:37,5,38,1,0
759,Cory Stillman\stillco01,35,FLA,LW,63,17,32,49,1,37,5.1,9,8,0,2,19,13,0,115,1045,16:35,20,67,11,19
760,Jarret Stoll\stollja01,26,LAK,C,74,18,23,41,-7,68,4.2,8,10,0,1,11,12,0,155,1264,17:05,41,160,599,448
761,Ryan Stone\stonery01,23,PIT,C,2,0,0,0,1,2,0,0,0,0,0,0,0,0,5,21,10:20,1,10,0,0
762,Zack Stortini\stortza01,23,EDM,RW,52,6,5,11,-3,181,0.9,6,0,0,0,5,0,0,23,379,7:17,10,95,7,4
763,Tyson Strachan\stracty01,24,STL,D,30,0,3,3,8,39,1.5,0,0,0,0,3,0,0,21,403,13:26,24,23,0,0
764,Anton Stralman\stralan01,22,TOR,D,38,1,12,13,-2,20,1.6,1,0,0,1,7,5,0,43,592,15:34,36,34,1,0
765,Mark Streit\streima01,31,NYI,D,74,16,40,56,5,62,10.1,5,10,1,1,20,19,1,150,1866,25:13:00,113,114,0,0
766,Jason Strudwick\strudja01,33,EDM,D,71,2,7,9,-4,60,1.5,2,0,0,0,6,0,1,32,896,12:38,63,73,0,0
767,Brad Stuart\stuarbr02,29,DET,D,67,2,13,15,-3,26,2.2,1,1,0,0,13,0,0,105,1355,20:13,98,154,0,0
768,Colin Stuart\stuarco01,26,ATL,LW,33,5,3,8,3,18,0.7,2,0,3,0,2,0,1,54,412,12:29,16,59,5,7
769,Mark Stuart\stuarma01,24,BOS,D,82,5,12,17,20,76,4.7,5,0,0,1,11,1,0,61,1264,15:25,103,91,0,0
770,Marco Sturm\sturmma01,30,BOS,LW,19,7,6,13,9,8,1.9,3,4,0,0,5,1,0,45,304,16:01,3,12,2,1
771,Steve Sullivan\sullist01,34,NSH,LW,41,11,21,32,2,30,3.3,8,3,0,2,14,7,0,83,758,18:29,6,15,0,4
772,Alexander Sulzer\sulzeal01,24,NSH,D,2,0,0,0,0,0,0,0,0,0,0,0,0,0,0,13,6:34,1,0,0,0
773,Mats Sundin*\sundima01,37,VAN,C,41,9,19,28,-5,28,2.4,4,5,0,2,10,9,0,84,691,16:51,14,14,325,264
774,Ryan Suter\suterry01,24,NSH,D,82,7,38,45,-16,73,6.7,4,3,0,3,23,15,0,143,1989,24:16:00,93,87,0,0
775,Brian Sutherby\suthebr01,26,TOT,C,59,8,7,15,1,71,1.2,7,0,1,0,7,0,0,67,644,10:55,15,102,112,152
775,Brian Sutherby\suthebr01,26,DAL,C,42,5,4,9,-5,52,0.3,4,0,1,0,4,0,0,50,521,12:25,13,81,90,129
775,Brian Sutherby\suthebr01,26,ANA,C,17,3,3,6,6,19,0.9,3,0,0,0,3,0,0,17,122,7:12,2,21,22,23
776,Brandon Sutter\suttebr03,19,CAR,C,50,1,5,6,-1,16,0,1,0,0,0,5,0,0,57,441,8:50,18,37,128,204
777,Brett Sutter\suttebr04,21,CGY,LW,4,1,0,1,-2,2,0.1,1,0,0,0,0,0,0,6,32,8:04,0,1,0,1
778,Andy Sutton\suttoan01,33,NYI,D,23,2,8,10,3,40,2,2,0,0,0,8,0,0,19,465,20:14,60,30,0,0
779,Marek Svatos\svatoma01,26,COL,RW,69,14,20,34,-6,34,3.4,8,6,0,1,13,7,0,140,904,13:06,21,37,0,3
780,Darryl Sydor\sydorda01,36,TOT,D,73,3,12,15,3,18,3.3,3,0,0,0,9,3,0,73,1330,18:13,126,42,0,0
780,Darryl Sydor\sydorda01,36,DAL,D,65,2,11,13,-2,16,2.5,2,0,0,0,8,3,0,66,1215,18:42,120,38,0,0
780,Darryl Sydor\sydorda01,36,PIT,D,8,1,1,2,5,2,0.8,1,0,0,0,1,0,0,7,115,14:23,6,4,0,0
781,Petr Sykora\sykorpe01,32,PIT,RW,76,25,21,46,3,36,5.2,12,13,0,10,15,6,0,180,1238,16:17,20,14,5,7
782,Danny Syvret\syvreda01,23,PHI,D,2,0,0,0,-1,0,-0.1,0,0,0,0,0,0,0,0,19,9:26,1,1,0,0
783,Paul Szczechura\szczepa01,23,TBL,C,31,4,5,9,-1,12,0.5,3,1,0,0,4,0,1,51,420,13:33,23,30,94,138
784,Jeff Taffe\taffeje01,27,PIT,LW,8,0,2,2,-4,2,-0.1,0,0,0,0,0,2,0,5,68,8:30,0,3,21,19
785,Maxime Talbot\talboma01,24,PIT,C,75,12,10,22,-9,63,1.1,10,0,2,1,9,1,0,102,1060,14:08,47,115,277,265
786,Barry Tallackson\tallaba01,25,NJD,RW,4,0,0,0,-1,0,-0.1,0,0,0,0,0,0,0,2,18,4:29,0,5,0,1
787,Henrik Tallinder\tallihe01,30,BUF,D,66,1,11,12,-2,36,2.4,1,0,0,1,10,1,0,35,1216,18:26,81,48,0,0
788,Jeff Tambellini\tambeje01,24,NYI,LW,65,7,8,15,-20,32,0.1,7,0,0,0,8,0,0,98,852,13:07,32,99,3,2
789,Alex Tanguay\tangual01,29,MTL,LW,50,16,25,41,13,34,5.2,11,5,0,3,14,11,0,76,805,16:05,13,47,3,6
790,Nick Tarnasky\tarnani01,24,TOT,LW,45,1,6,7,-1,50,0.2,1,0,0,0,6,0,0,38,330,7:20,19,82,0,1
790,Nick Tarnasky\tarnani01,24,FLA,LW,34,1,5,6,-2,33,0.2,1,0,0,0,5,0,0,32,268,7:52,13,68,0,1
790,Nick Tarnasky\tarnani01,24,NSH,LW,11,0,1,1,1,17,0,0,0,0,0,1,0,0,6,62,5:38,6,14,0,0
791,Bill Thomas\thomabi01,25,PIT,RW,16,2,1,3,-4,2,0.1,1,0,1,0,1,0,0,17,152,9:31,10,14,52,49
792,Nate Thompson\thompna01,24,NYI,C,43,2,2,4,-11,49,-0.7,1,0,1,0,2,0,0,56,520,12:05,41,83,216,213
793,Chris Thorburn\thorbch01,25,ATL,RW,82,7,8,15,-10,104,0.3,7,0,0,1,8,0,0,85,786,9:35,33,127,15,22
794,Joe Thornton\thornjo01,29,SJS,C,82,25,61,86,16,56,9.5,14,11,0,3,37,24,0,139,1596,19:28,24,81,718,577
795,Shawn Thornton\thornsh01,31,BOS,LW,79,6,5,11,-2,123,0.2,6,0,0,2,5,0,0,136,793,10:02,7,113,1,4
796,Viktor Tikhonov\tikhovi01,20,PHX,RW,61,8,8,16,-3,20,1.2,7,1,0,1,7,0,1,71,740,12:08,20,39,23,37
797,Kimmo Timonen\timonki01,33,PHI,D,77,3,40,43,19,54,7.6,1,2,0,0,13,26,1,104,1888,24:31:00,164,65,0,2
798,Daniel Tjarnqvist\tjarnda01,32,COL,D,37,2,2,4,1,8,1.5,2,0,0,0,2,0,0,19,542,14:40,29,12,0,0
799,Keith Tkachuk\tkachke01,36,STL,LW,79,25,24,49,-11,61,5.3,11,14,0,4,17,7,0,185,1340,16:57,23,122,472,446
800,Jiri Tlusty\tlustji01,20,TOR,C,14,0,4,4,0,0,0.1,0,0,0,0,4,0,0,22,178,12:42,5,5,1,2
801,Jonathan Toews\toewsjo01,20,CHI,C,82,34,35,69,12,51,8.2,22,12,0,7,25,10,0,195,1527,18:38,26,43,704,583
802,Ole-Kristian Tollefsen\tolleol01,24,CBJ,D,19,0,1,1,-4,37,0,0,0,0,0,1,0,0,12,196,10:20,11,25,0,0
803,Jordin Tootoo\tootojo01,25,NSH,RW,72,4,12,16,-15,124,0.1,4,0,0,1,11,1,0,138,870,12:05,14,129,9,7
804,Raffi Torres\torrera01,27,CBJ,LW,51,12,8,20,-4,23,2.1,10,2,0,6,8,0,0,74,617,12:06,7,75,11,8
805,Darcy Tucker\tuckeda01,33,COL,RW,63,8,8,16,-13,67,0.7,6,2,0,1,5,3,0,94,889,14:07,21,102,15,20
806,Kyle Turris\turriky01,19,PHX,C,63,8,12,20,-15,21,1,5,3,0,3,4,8,0,91,814,12:55,13,33,236,313
807,Fedor Tyutin\tyutife01,25,CBJ,D,82,9,25,34,1,81,6.4,3,5,1,0,13,12,0,167,1928,23:31,98,103,1,0
808,R.J. Umberger\umberrj01,26,CBJ,C,82,26,20,46,-10,53,4.5,17,9,0,2,17,2,1,234,1539,18:46,52,92,404,437
809,Scottie Upshall\upshasc01,25,TOT,RW,74,15,19,34,7,89,3.5,10,5,0,1,17,2,0,192,1080,14:36,27,93,5,13
809,Scottie Upshall\upshasc01,25,PHI,RW,55,7,14,21,5,63,1.8,5,2,0,0,13,1,0,126,727,13:13,14,76,1,9
809,Scottie Upshall\upshasc01,25,PHX,RW,19,8,5,13,2,26,1.7,5,3,0,1,4,1,0,66,353,18:35,13,17,4,4
810,Ossi Vaananen\vaanaos01,28,TOT,D,49,1,10,11,8,22,2.5,1,0,0,0,8,0,2,20,878,17:55,75,89,0,0
810,Ossi Vaananen\vaanaos01,28,PHI,D,46,1,9,10,7,22,2.2,1,0,0,0,7,0,2,18,849,18:28,75,85,0,0
810,Ossi Vaananen\vaanaos01,28,VAN,D,3,0,1,1,1,0,0.2,0,0,0,0,1,0,0,2,28,9:28,0,4,0,0
811,Boris Valabik\valabbo01,22,ATL,D,50,0,5,5,-14,132,-0.3,0,0,0,0,5,0,0,16,762,15:15,68,78,0,0
812,David Van Der Gulik\vandeda01,25,CGY,LW,6,0,2,2,-1,0,0.1,0,0,0,0,2,0,0,11,51,8:29,2,6,0,1
813,Mike Van Ryn\vanrymi01,29,TOR,D,27,3,8,11,2,14,1.8,1,2,0,0,6,2,0,53,530,19:37,45,13,0,0
814,Jim Vandermeer\vandeji01,28,CGY,D,45,1,6,7,1,108,1.5,1,0,0,0,6,0,0,31,721,16:01,28,85,0,0
815,Thomas Vanek\vanekth01,25,BUF,LW,73,40,24,64,-1,44,8.7,18,20,2,5,18,6,0,211,1255,17:12,27,34,1,5
816,Stephane Veilleux\veillst01,27,MIN,LW,81,13,10,23,-17,40,1.3,12,0,1,1,9,1,0,146,1280,15:48,31,98,6,16
817,Antoine Vermette\vermean01,26,TOT,C,79,16,25,41,-7,50,3.5,12,3,1,1,16,9,0,174,1450,18:22,32,80,642,470
817,Antoine Vermette\vermean01,26,OTT,C,62,9,19,28,-12,42,1.7,7,2,0,0,11,8,0,141,1119,18:03,26,64,450,321
817,Antoine Vermette\vermean01,26,CBJ,C,17,7,6,13,5,8,1.7,5,1,1,1,5,1,0,33,331,19:29,6,16,192,149
818,Mike Vernace\vernami01,22,COL,D,12,0,0,0,-5,8,-0.1,0,0,0,0,0,0,0,9,236,19:39,17,20,0,0
819,Kris Versteeg\verstkr01,22,CHI,LW,78,22,31,53,15,55,5.8,12,6,4,3,18,10,3,139,1329,17:02,23,43,124,142
820,Ryan Vesce\vescery01,26,SJS,RW,10,0,0,0,-2,4,-0.2,0,0,0,0,0,0,0,11,97,9:45,6,7,30,34
821,Ivan Vishnevskiy\vishniv01,20,DAL,D,3,0,2,2,1,2,0.3,0,0,0,0,0,2,0,9,59,19:33,1,1,0,0
822,Lubomir Visnovsky\visnolu01,32,EDM,D,50,8,23,31,6,30,5.3,3,5,0,1,11,12,0,86,1151,23:01,82,27,0,0
823,Marc-Edouard Vlasic\vlasima01,21,SJS,D,82,6,30,36,15,42,8.2,3,3,0,1,11,18,1,104,1960,23:54,122,56,0,0
824,Anton Volchenkov\volchan01,26,OTT,D,68,2,8,10,-10,36,2.3,2,0,0,1,6,0,2,79,1370,20:08,180,182,0,0
825,Jakub Voracek\voracja01,19,CBJ,RW,80,9,29,38,11,44,3.6,9,0,0,1,25,4,0,101,1013,12:40,6,32,0,3
826,Aaron Voros\vorosaa01,27,NYR,LW,54,8,8,16,-9,122,1.3,5,3,0,1,8,0,0,66,604,11:11,8,113,4,6
827,Petr Vrana\vranape01,23,NJD,C,16,1,0,1,-4,2,-0.2,1,0,0,0,0,0,0,6,110,6:54,2,0,15,21
828,Radim Vrbata\vrbatra01,27,TBL,RW,18,3,3,6,-1,8,0.4,2,1,0,0,3,0,0,41,256,14:13,5,3,1,2
829,Steve Wagner\wagnest01,24,STL,D,22,2,2,4,-5,18,0.7,2,0,0,0,1,1,0,16,344,15:38,11,24,0,0
830,Matt Walker\walkema01,28,CHI,D,65,1,13,14,7,79,2.9,1,0,0,0,11,0,2,83,1081,16:38,69,67,0,0
831,Scott Walker\walkesc01,35,CAR,RW,41,5,10,15,-4,39,1,4,1,0,0,9,1,0,71,547,13:20,10,79,2,2
832,Tim Wallace\wallati01,24,PIT,RW,16,0,2,2,2,7,0,0,0,0,0,2,0,0,17,130,8:07,1,37,2,1
833,Niclas Wallin\wallini01,33,CAR,D,64,2,8,10,-1,42,2.4,2,0,0,1,8,0,0,53,1041,16:16,81,131,0,1
834,Ben Walter\waltebe01,24,NYI,C,4,0,0,0,-2,0,-0.2,0,0,0,0,0,0,0,2,44,10:58,4,2,18,25
835,Tom Wandell\wandeto01,22,DAL,C,14,1,2,3,-1,4,0.1,1,0,0,0,2,0,0,23,156,11:09,6,6,58,55
836,Aaron Ward\wardaa01,36,BOS,D,65,3,7,10,16,44,3.5,2,0,1,0,6,1,0,53,1236,19:01,120,148,0,0
837,Jason Ward\wardja01,30,TBL,RW,1,0,0,0,0,2,0,0,0,0,0,0,0,0,1,10,9:31,0,2,0,0
838,Joel Ward\wardjo02,28,NSH,RW,79,17,18,35,1,29,3.4,12,3,2,2,16,1,1,133,1265,16:01,69,65,20,26
839,Mike Weaver\weavemi01,30,STL,D,58,0,7,7,-3,12,1.8,0,0,0,0,5,0,2,36,1001,17:16,81,43,0,0
840,Mike Weber\webermi01,21,BUF,D,7,0,0,0,-3,19,-0.1,0,0,0,0,0,0,0,2,99,14:10,8,16,0,0
841,Shea Weber\webersh01,23,NSH,D,81,23,30,53,1,80,10.5,12,10,1,4,20,9,1,251,1942,23:58,95,192,0,0
842,Yannick Weber\weberya01,20,MTL,D,3,0,1,1,-1,2,0.1,0,0,0,0,0,1,0,6,45,15:06,1,4,0,0
843,Doug Weight\weighdo01,38,NYI,C,53,10,28,38,-15,55,2.8,5,5,0,0,11,16,1,96,969,18:17,31,38,306,373
844,Stephen Weiss\weissst01,25,FLA,C,78,14,47,61,19,22,6.1,9,4,1,4,30,17,0,154,1389,17:48,52,30,650,627
845,Noah Welch\welchno01,26,TOT,D,40,1,1,2,-9,25,-0.1,1,0,0,0,1,0,0,22,438,10:56,34,51,0,0
845,Noah Welch\welchno01,26,FLA,D,23,1,1,2,-5,11,0,1,0,0,0,1,0,0,11,153,6:38,11,22,0,0
845,Noah Welch\welchno01,26,TBL,D,17,0,0,0,-4,14,-0.1,0,0,0,0,0,0,0,11,285,16:45,23,29,0,0
846,Craig Weller\wellecr01,28,MIN,RW,36,1,2,3,-3,47,0,0,1,0,0,2,0,0,27,250,6:57,12,61,0,5
847,Kyle Wellwood\wellwky01,25,VAN,C,74,18,9,27,2,4,2.9,8,10,0,3,6,3,0,94,1021,13:48,19,14,350,264
848,Kevin Westgarth\westgke01,24,LAK,RW,9,0,0,0,1,9,0,0,0,0,0,0,0,0,1,45,5:02,1,7,0,1
849,Blake Wheeler\wheelbl01,22,BOS,RW,81,21,24,45,36,46,6.2,16,3,2,3,21,2,1,150,1109,13:41,26,47,13,21
850,Colin White\whiteco01,31,NJD,D,71,1,17,18,18,46,4.4,1,0,0,0,14,0,3,68,1350,19:01,109,126,0,1
851,Ian White\whiteia01,24,TOR,D,71,10,16,26,6,57,4.9,8,2,0,2,12,3,1,158,1622,22:51,114,108,0,0
852,Todd White\whiteto02,33,ATL,C,82,22,51,73,-9,24,6.7,9,12,1,0,29,22,0,150,1481,18:04,33,39,673,656
853,Trent Whitfield\whitftr01,31,STL,C,3,0,1,1,2,0,0.1,0,0,0,0,1,0,0,4,33,11:03,2,2,19,7
854,Ray Whitney\whitnra01,36,CAR,LW,82,24,53,77,2,32,8.2,17,7,0,2,30,23,0,219,1510,18:25,26,27,2,2
855,Ryan Whitney\whitnry01,25,TOT,D,48,2,21,23,-14,28,2.2,1,1,0,0,11,10,0,71,1146,23:52,69,37,0,0
855,Ryan Whitney\whitnry01,25,PIT,D,28,2,11,13,-15,16,0.7,1,1,0,0,6,5,0,42,688,24:34:00,52,21,0,0
855,Ryan Whitney\whitnry01,25,ANA,D,20,0,10,10,1,12,1.5,0,0,0,0,5,5,0,29,458,22:53,17,16,0,0
856,Dennis Wideman\widemde01,25,BOS,D,79,13,37,50,32,34,10.5,6,6,1,2,18,19,0,169,1947,24:39:00,127,66,0,0
857,Jason Williams\willija01,28,TOT,RW,80,19,28,47,-4,24,4.4,12,7,0,4,21,7,0,153,1269,15:51,32,45,284,334
857,Jason Williams\willija01,28,ATL,RW,41,7,11,18,-9,8,1,3,4,0,2,9,2,0,79,659,16:05,16,16,187,194
857,Jason Williams\willija01,28,CBJ,RW,39,12,17,29,5,16,3.5,9,3,0,2,12,5,0,74,610,15:38,16,29,97,140
858,Jeremy Williams\willije01,25,TOR,RW,11,5,2,7,2,2,1,5,0,0,0,1,1,0,21,148,13:26,4,10,0,1
859,Justin Williams\williju01,27,TOT,RW,44,4,10,14,-8,17,0.5,1,3,0,0,7,3,0,108,699,15:53,9,40,7,15
859,Justin Williams\williju01,27,CAR,RW,32,3,7,10,-9,9,0.2,1,2,0,0,4,3,0,80,484,15:08,6,30,6,14
859,Justin Williams\williju01,27,LAK,RW,12,1,3,4,1,8,0.3,0,1,0,0,3,0,0,28,214,17:51,3,10,1,1
860,Brian Willsie\willsbr01,30,COL,RW,42,1,3,4,-6,14,-0.5,1,0,0,0,3,0,0,59,495,11:47,21,36,30,59
861,Clay Wilson\wilsocl01,25,TOT,D,7,0,1,1,-3,0,-0.1,0,0,0,0,0,1,0,13,79,11:17,1,6,0,0
861,Clay Wilson\wilsocl01,25,CBJ,D,5,0,1,1,-2,0,0,0,0,0,0,0,1,0,9,47,9:26,1,4,0,0
861,Clay Wilson\wilsocl01,25,ATL,D,2,0,0,0,-1,0,-0.1,0,0,0,0,0,0,0,4,32,15:55,0,2,0,0
862,Landon Wilson\wilsola02,33,DAL,RW,27,2,6,8,5,21,0.8,2,0,0,0,6,0,0,34,249,9:14,4,47,0,3
863,Brad Winchester\winchbr01,27,STL,LW,64,13,8,21,-1,89,2.3,8,5,0,3,5,3,0,82,778,12:10,20,127,9,11
864,Jesse Winchester\winchje01,25,OTT,RW,76,3,15,18,0,33,1,3,0,0,1,15,0,0,115,805,10:35,21,116,113,86
865,Daniel Winnik\winnida01,23,PHX,C,49,3,4,7,1,63,0,3,0,0,0,4,0,0,66,641,13:04,27,79,51,84
866,Ty Wishart\wishaty01,20,TBL,D,5,0,1,1,0,0,0.1,0,0,0,0,1,0,0,2,51,10:07,4,3,0,0
867,James Wisniewski\wisnija01,24,TOT,D,48,3,21,24,9,30,4.2,2,1,0,0,11,10,0,89,953,19:51,60,90,0,0
867,James Wisniewski\wisnija01,24,CHI,D,31,2,11,13,6,14,2.5,1,1,0,0,6,5,0,70,597,19:15,31,51,0,0
867,James Wisniewski\wisnija01,24,ANA,D,17,1,10,11,3,16,1.8,1,0,0,0,5,5,0,19,356,20:57,29,39,0,0
868,Brendan Witt\wittbr01,33,NYI,D,65,0,9,9,-34,94,-0.2,0,0,0,0,8,0,1,52,1320,20:18,146,142,1,1
869,Wojtek Wolski\wolskwo01,22,COL,LW,78,14,28,42,-13,28,3.2,11,2,1,3,19,9,0,169,1434,18:23,41,55,248,267
870,Jeff Woywitka\woywije01,25,STL,D,65,3,15,18,8,57,4.5,1,2,0,1,9,6,0,71,1201,18:29,77,19,0,0
871,Andy Wozniewski\woznian01,28,STL,D,1,0,0,0,0,0,0,0,0,0,0,0,0,0,0,7,6:44,0,1,0,0
872,Keith Yandle\yandlke01,22,PHX,D,69,4,26,30,-4,37,4.6,3,1,0,0,14,12,0,118,1147,16:37,63,46,0,0
873,Stephane Yelle\yellest01,34,BOS,C,77,7,11,18,6,32,0.9,6,1,0,2,9,0,2,72,1022,13:16,56,105,408,372
874,Mike York\yorkmi01,31,CBJ,LW,1,0,0,0,0,0,0,0,0,0,0,0,0,0,1,13,13:15,0,1,0,0
875,Travis Zajac\zajactr01,23,NJD,C,82,20,42,62,33,29,7,14,5,1,2,29,10,3,185,1529,18:39,40,59,683,604
876,Greg Zanon\zanongr01,28,NSH,D,82,4,7,11,8,38,4.4,4,0,0,1,6,0,1,54,1710,20:51,237,153,0,0
877,Richard Zednik\zedniri01,33,FLA,RW,70,17,16,33,2,46,3.3,14,3,0,4,14,1,1,153,1091,15:35,22,68,0,1
878,John Zeiler\zeilejo01,26,LAK,RW,27,0,1,1,-2,42,-0.2,0,0,0,0,1,0,0,3,177,6:33,10,47,3,2
879,Henrik Zetterberg\zettehe01,28,DET,C,77,31,42,73,13,36,8.1,17,12,2,5,24,18,0,309,1531,19:53,31,54,624,546
880,Nikolai Zherdev\zherdni01,24,NYR,RW,82,23,35,58,6,39,6.7,18,4,1,3,28,7,0,219,1380,16:50,15,49,1,10
881,Marek Zidlicky\zidlima01,31,MIN,D,76,12,30,42,-12,76,7.8,2,10,0,3,15,15,0,147,1680,22:07,95,74,0,0
882,Mike Zigomanis\zigommi01,28,PIT,C,22,2,4,6,-2,27,0.3,2,0,0,0,4,0,0,23,251,11:26,8,17,158,93
883,Ilya Zubov\zubovil01,21,OTT,C,10,0,2,2,-1,0,0,0,0,0,0,1,1,0,11,103,10:17,2,11,0,1
884,Sergei Zubov\zubovse01,38,DAL,D,10,0,4,4,-4,0,0.3,0,0,0,0,1,3,0,15,243,24:18:00,3,6,0,0
885,Dainius Zubrus\zubruda01,30,NJD,C,82,15,25,40,6,69,3.7,14,1,0,3,15,10,0,130,1252,15:16,16,98,473,450
